trigger_idx,full_rel_err,mat_only_rel_err,mat_geo_rel_err,mat_st_rel_err,share_mat,share_geo,share_st,best_combo,full_comp_x_pct,full_comp_y_pct,full_comp_z_pct,full_comp_tx_pct,full_comp_ty_pct,full_comp_tz_pct,mat_only_comp_x_pct,mat_only_comp_y_pct,mat_only_comp_z_pct,mat_only_comp_tx_pct,mat_only_comp_ty_pct,mat_only_comp_tz_pct,mat_geo_comp_x_pct,mat_geo_comp_y_pct,mat_geo_comp_z_pct,mat_geo_comp_tx_pct,mat_geo_comp_ty_pct,mat_geo_comp_tz_pct,mat_st_comp_x_pct,mat_st_comp_y_pct,mat_st_comp_z_pct,mat_st_comp_tx_pct,mat_st_comp_ty_pct,mat_st_comp_tz_pct
0,5.125800e-01,4.037300e-01,4.054000e-01,5.112900e-01,9.500000e-01,0.000000e+00,3.200000e-01,mat_only,5.880000e+01,7.970000e+01,1.370000e+01,0.000000e+00,0.000000e+00,0.000000e+00,8.940000e+01,3.840000e+01,2.320000e+01,0.000000e+00,0.000000e+00,0.000000e+00,8.940000e+01,3.840000e+01,2.310000e+01,0.000000e+00,0.000000e+00,0.000000e+00,5.870000e+01,7.980000e+01,1.370000e+01,0.000000e+00,0.000000e+00,0.000000e+00
1,5.602900e-01,4.400900e-01,4.415800e-01,5.591200e-01,9.300000e-01,0.000000e+00,3.600000e-01,mat_only,6.300000e+01,7.310000e+01,2.620000e+01,0.000000e+00,0.000000e+00,0.000000e+00,9.320000e+01,2.130000e+01,2.920000e+01,0.000000e+00,0.000000e+00,0.000000e+00,9.330000e+01,2.140000e+01,2.910000e+01,0.000000e+00,0.000000e+00,0.000000e+00,6.290000e+01,7.320000e+01,2.630000e+01,0.000000e+00,0.000000e+00,0.000000e+00
2,5.558600e-01,4.373500e-01,4.388400e-01,5.546900e-01,9.300000e-01,0.000000e+00,3.600000e-01,mat_only,6.300000e+01,7.280000e+01,2.710000e+01,0.000000e+00,0.000000e+00,0.000000e+00,9.320000e+01,2.040000e+01,3.010000e+01,0.000000e+00,0.000000e+00,0.000000e+00,9.320000e+01,2.040000e+01,3.000000e+01,0.000000e+00,0.000000e+00,0.000000e+00,6.280000e+01,7.290000e+01,2.720000e+01,0.000000e+00,0.000000e+00,0.000000e+00
3,8.679300e-01,8.128500e-01,8.150900e-01,8.658300e-01,9.000000e-01,0.000000e+00,5.100000e-01,mat_only,8.130000e+01,5.540000e+01,1.800000e+01,0.000000e+00,0.000000e+00,0.000000e+00,9.460000e+01,2.300000e+01,2.300000e+01,0.000000e+00,0.000000e+00,0.000000e+00,9.460000e+01,2.300000e+01,2.300000e+01,0.000000e+00,0.000000e+00,0.000000e+00,8.130000e+01,5.540000e+01,1.800000e+01,0.000000e+00,0.000000e+00,0.000000e+00
4,8.682000e-01,8.139600e-01,8.161900e-01,8.661000e-01,9.000000e-01,0.000000e+00,5.000000e-01,mat_only,8.210000e+01,5.500000e+01,1.570000e+01,0.000000e+00,0.000000e+00,0.000000e+00,9.520000e+01,2.260000e+01,2.040000e+01,0.000000e+00,0.000000e+00,0.000000e+00,9.520000e+01,2.260000e+01,2.040000e+01,0.000000e+00,0.000000e+00,0.000000e+00,8.200000e+01,5.500000e+01,1.570000e+01,0.000000e+00,0.000000e+00,0.000000e+00
5,3.615300e-01,2.667100e-01,2.681500e-01,3.604800e-01,9.500000e-01,0.000000e+00,2.900000e-01,mat_only,4.520000e+01,7.770000e+01,4.370000e+01,0.000000e+00,0.000000e+00,0.000000e+00,8.080000e+01,1.150000e+01,5.780000e+01,0.000000e+00,0.000000e+00,0.000000e+00,8.100000e+01,1.150000e+01,5.750000e+01,0.000000e+00,0.000000e+00,0.000000e+00,4.490000e+01,7.790000e+01,4.390000e+01,0.000000e+00,0.000000e+00,0.000000e+00
6,3.644400e-01,2.680600e-01,2.694700e-01,3.634000e-01,9.500000e-01,0.000000e+00,2.900000e-01,mat_only,4.540000e+01,7.770000e+01,4.360000e+01,0.000000e+00,0.000000e+00,0.000000e+00,8.040000e+01,1.400000e+01,5.780000e+01,0.000000e+00,0.000000e+00,0.000000e+00,8.060000e+01,1.400000e+01,5.750000e+01,0.000000e+00,0.000000e+00,0.000000e+00,4.510000e+01,7.780000e+01,4.380000e+01,0.000000e+00,0.000000e+00,0.000000e+00
7,5.707200e-01,5.605600e-01,5.625200e-01,5.688100e-01,8.900000e-01,0.000000e+00,1.300000e-01,mat_only,8.260000e+01,3.000000e+01,4.770000e+01,0.000000e+00,0.000000e+00,0.000000e+00,8.550000e+01,1.310000e+01,5.010000e+01,0.000000e+00,0.000000e+00,0.000000e+00,8.560000e+01,1.320000e+01,5.000000e+01,0.000000e+00,0.000000e+00,0.000000e+00,8.260000e+01,3.000000e+01,4.780000e+01,0.000000e+00,0.000000e+00,0.000000e+00
8,5.802900e-01,5.699100e-01,5.718900e-01,5.783700e-01,8.900000e-01,0.000000e+00,1.300000e-01,mat_only,8.400000e+01,2.980000e+01,4.530000e+01,0.000000e+00,0.000000e+00,0.000000e+00,8.690000e+01,1.320000e+01,4.770000e+01,0.000000e+00,0.000000e+00,0.000000e+00,8.690000e+01,1.320000e+01,4.760000e+01,0.000000e+00,0.000000e+00,0.000000e+00,8.400000e+01,2.980000e+01,4.540000e+01,0.000000e+00,0.000000e+00,0.000000e+00
9,4.880100e-01,2.950700e-01,2.963200e-01,4.872000e-01,8.800000e-01,0.000000e+00,3.900000e-01,mat_only,3.960000e+01,8.700000e+01,2.920000e+01,0.000000e+00,0.000000e+00,0.000000e+00,8.040000e+01,2.240000e+01,5.510000e+01,0.000000e+00,0.000000e+00,0.000000e+00,8.050000e+01,2.250000e+01,5.490000e+01,0.000000e+00,0.000000e+00,0.000000e+00,3.950000e+01,8.710000e+01,2.920000e+01,0.000000e+00,0.000000e+00,0.000000e+00
10,4.810000e-01,2.942300e-01,2.954900e-01,4.801700e-01,8.800000e-01,0.000000e+00,3.900000e-01,mat_only,3.940000e+01,8.720000e+01,2.900000e+01,0.000000e+00,0.000000e+00,0.000000e+00,8.100000e+01,2.010000e+01,5.520000e+01,0.000000e+00,0.000000e+00,0.000000e+00,8.110000e+01,2.020000e+01,5.500000e+01,0.000000e+00,0.000000e+00,0.000000e+00,3.930000e+01,8.720000e+01,2.910000e+01,0.000000e+00,0.000000e+00,0.000000e+00
11,4.024700e-01,2.687500e-01,2.698100e-01,4.017600e-01,8.800000e-01,0.000000e+00,3.200000e-01,mat_only,4.200000e+01,8.400000e+01,3.430000e+01,0.000000e+00,0.000000e+00,0.000000e+00,8.060000e+01,2.310000e+01,5.440000e+01,0.000000e+00,0.000000e+00,0.000000e+00,8.070000e+01,2.320000e+01,5.420000e+01,0.000000e+00,0.000000e+00,0.000000e+00,4.190000e+01,8.400000e+01,3.440000e+01,0.000000e+00,0.000000e+00,0.000000e+00
12,4.323900e-01,2.908900e-01,2.919300e-01,4.316900e-01,8.900000e-01,0.000000e+00,3.300000e-01,mat_only,4.500000e+01,8.440000e+01,2.900000e+01,0.000000e+00,0.000000e+00,0.000000e+00,8.280000e+01,2.570000e+01,4.980000e+01,0.000000e+00,0.000000e+00,0.000000e+00,8.290000e+01,2.590000e+01,4.960000e+01,0.000000e+00,0.000000e+00,0.000000e+00,4.500000e+01,8.450000e+01,2.910000e+01,0.000000e+00,0.000000e+00,0.000000e+00
13,4.230200e-01,2.879300e-01,2.889900e-01,4.223100e-01,8.800000e-01,0.000000e+00,3.300000e-01,mat_only,4.490000e+01,8.460000e+01,2.880000e+01,0.000000e+00,0.000000e+00,0.000000e+00,8.340000e+01,2.410000e+01,4.960000e+01,0.000000e+00,0.000000e+00,0.000000e+00,8.350000e+01,2.430000e+01,4.940000e+01,0.000000e+00,0.000000e+00,0.000000e+00,4.480000e+01,8.460000e+01,2.880000e+01,0.000000e+00,0.000000e+00,0.000000e+00
14,6.713600e-01,2.888100e-01,2.906800e-01,6.707000e-01,8.100000e-01,0.000000e+00,6.300000e-01,mat_only,1.190000e+01,9.680000e+01,2.200000e+01,0.000000e+00,0.000000e+00,0.000000e+00,6.960000e+01,5.170000e+01,4.990000e+01,0.000000e+00,0.000000e+00,0.000000e+00,6.970000e+01,5.180000e+01,4.960000e+01,0.000000e+00,0.000000e+00,0.000000e+00,1.200000e+01,9.680000e+01,2.210000e+01,0.000000e+00,0.000000e+00,0.000000e+00
15,7.518400e-01,4.222300e-01,4.239500e-01,7.512800e-01,6.800000e-01,0.000000e+00,7.000000e-01,mat_only,3.390000e+01,9.330000e+01,1.220000e+01,0.000000e+00,0.000000e+00,0.000000e+00,9.400000e+01,2.070000e+01,2.730000e+01,0.000000e+00,0.000000e+00,0.000000e+00,9.400000e+01,2.080000e+01,2.720000e+01,0.000000e+00,0.000000e+00,0.000000e+00,3.380000e+01,9.330000e+01,1.230000e+01,0.000000e+00,0.000000e+00,0.000000e+00
16,7.521900e-01,4.248200e-01,4.265500e-01,7.516300e-01,6.800000e-01,0.000000e+00,7.000000e-01,mat_only,3.390000e+01,9.330000e+01,1.210000e+01,0.000000e+00,0.000000e+00,0.000000e+00,9.390000e+01,2.190000e+01,2.650000e+01,0.000000e+00,0.000000e+00,0.000000e+00,9.390000e+01,2.200000e+01,2.640000e+01,0.000000e+00,0.000000e+00,0.000000e+00,3.380000e+01,9.330000e+01,1.210000e+01,0.000000e+00,0.000000e+00,0.000000e+00
17,8.181300e-01,3.687100e-01,3.711200e-01,8.174900e-01,6.900000e-01,0.000000e+00,7.700000e-01,mat_only,8.500000e+00,9.700000e+01,2.290000e+01,0.000000e+00,0.000000e+00,0.000000e+00,8.190000e+01,4.530000e+01,3.510000e+01,0.000000e+00,0.000000e+00,0.000000e+00,8.200000e+01,4.540000e+01,3.490000e+01,0.000000e+00,0.000000e+00,0.000000e+00,8.600000e+00,9.700000e+01,2.300000e+01,0.000000e+00,0.000000e+00,0.000000e+00
18,8.195400e-01,3.672500e-01,3.696500e-01,8.189000e-01,7.000000e-01,0.000000e+00,7.700000e-01,mat_only,8.400000e+00,9.700000e+01,2.270000e+01,0.000000e+00,0.000000e+00,0.000000e+00,8.150000e+01,4.570000e+01,3.560000e+01,0.000000e+00,0.000000e+00,0.000000e+00,8.160000e+01,4.580000e+01,3.540000e+01,0.000000e+00,0.000000e+00,0.000000e+00,8.400000e+00,9.700000e+01,2.280000e+01,0.000000e+00,0.000000e+00,0.000000e+00
19,6.595100e-01,4.894300e-01,4.900100e-01,6.590500e-01,7.400000e-01,0.000000e+00,5.100000e-01,mat_only,1.880000e+01,7.860000e+01,5.890000e+01,0.000000e+00,0.000000e+00,0.000000e+00,4.030000e+01,1.600000e+01,9.010000e+01,0.000000e+00,0.000000e+00,0.000000e+00,4.040000e+01,1.600000e+01,9.000000e+01,0.000000e+00,0.000000e+00,0.000000e+00,1.870000e+01,7.860000e+01,5.890000e+01,0.000000e+00,0.000000e+00,0.000000e+00
20,2.078000e-01,1.525100e-01,1.525500e-01,2.078000e-01,9.900000e-01,0.000000e+00,1.500000e-01,mat_only,2.320000e+01,7.350000e+01,6.370000e+01,0.000000e+00,0.000000e+00,0.000000e+00,2.970000e+01,2.520000e+01,9.210000e+01,0.000000e+00,0.000000e+00,0.000000e+00,2.980000e+01,2.530000e+01,9.210000e+01,0.000000e+00,0.000000e+00,0.000000e+00,2.320000e+01,7.350000e+01,6.370000e+01,0.000000e+00,0.000000e+00,0.000000e+00
21,4.444800e-01,1.550600e-01,1.552800e-01,4.443700e-01,1.210000e+00,0.000000e+00,5.300000e-01,mat_only,3.700000e+01,8.960000e+01,2.440000e+01,0.000000e+00,0.000000e+00,0.000000e+00,6.840000e+01,3.970000e+01,6.120000e+01,0.000000e+00,0.000000e+00,0.000000e+00,6.840000e+01,3.980000e+01,6.110000e+01,0.000000e+00,0.000000e+00,0.000000e+00,3.700000e+01,8.960000e+01,2.450000e+01,0.000000e+00,0.000000e+00,0.000000e+00
22,2.849100e-01,1.641800e-01,1.644600e-01,2.847900e-01,8.800000e-01,0.000000e+00,2.600000e-01,mat_only,2.570000e+01,8.900000e+01,3.750000e+01,0.000000e+00,0.000000e+00,0.000000e+00,6.010000e+01,2.620000e+01,7.550000e+01,0.000000e+00,0.000000e+00,0.000000e+00,6.030000e+01,2.620000e+01,7.540000e+01,0.000000e+00,0.000000e+00,0.000000e+00,2.570000e+01,8.900000e+01,3.760000e+01,0.000000e+00,0.000000e+00,0.000000e+00
23,4.710700e-01,2.088400e-01,2.094100e-01,4.708600e-01,7.900000e-01,0.000000e+00,4.500000e-01,mat_only,2.100000e+01,9.530000e+01,2.180000e+01,0.000000e+00,0.000000e+00,0.000000e+00,6.730000e+01,3.410000e+01,6.570000e+01,0.000000e+00,0.000000e+00,0.000000e+00,6.740000e+01,3.410000e+01,6.550000e+01,0.000000e+00,0.000000e+00,0.000000e+00,2.110000e+01,9.530000e+01,2.180000e+01,0.000000e+00,0.000000e+00,0.000000e+00
24,5.136700e-01,2.219400e-01,2.226100e-01,5.133900e-01,8.400000e-01,0.000000e+00,4.900000e-01,mat_only,1.750000e+01,9.660000e+01,1.910000e+01,0.000000e+00,0.000000e+00,0.000000e+00,6.720000e+01,3.250000e+01,6.650000e+01,0.000000e+00,0.000000e+00,0.000000e+00,6.740000e+01,3.250000e+01,6.640000e+01,0.000000e+00,0.000000e+00,0.000000e+00,1.750000e+01,9.660000e+01,1.910000e+01,0.000000e+00,0.000000e+00,0.000000e+00
25,1.971600e-01,1.140100e-01,1.140600e-01,1.971300e-01,1.000000e+00,0.000000e+00,1.600000e-01,mat_only,5.540000e+01,7.130000e+01,4.310000e+01,0.000000e+00,0.000000e+00,0.000000e+00,7.200000e+01,1.150000e+01,6.850000e+01,0.000000e+00,0.000000e+00,0.000000e+00,7.200000e+01,1.150000e+01,6.850000e+01,0.000000e+00,0.000000e+00,0.000000e+00,5.540000e+01,7.120000e+01,4.310000e+01,0.000000e+00,0.000000e+00,0.000000e+00
26,3.042300e-01,1.603000e-01,1.611400e-01,3.039100e-01,9.100000e-01,0.000000e+00,2.800000e-01,mat_only,3.120000e+01,8.890000e+01,3.360000e+01,0.000000e+00,0.000000e+00,0.000000e+00,7.220000e+01,3.610000e+01,5.900000e+01,0.000000e+00,0.000000e+00,0.000000e+00,7.250000e+01,3.600000e+01,5.870000e+01,0.000000e+00,0.000000e+00,0.000000e+00,3.090000e+01,8.900000e+01,3.360000e+01,0.000000e+00,0.000000e+00,0.000000e+00
27,3.683200e-01,1.770400e-01,1.775500e-01,3.681300e-01,9.100000e-01,0.000000e+00,3.400000e-01,mat_only,3.630000e+01,8.960000e+01,2.550000e+01,0.000000e+00,0.000000e+00,0.000000e+00,5.730000e+01,4.350000e+01,6.950000e+01,0.000000e+00,0.000000e+00,0.000000e+00,5.760000e+01,4.340000e+01,6.930000e+01,0.000000e+00,0.000000e+00,0.000000e+00,3.630000e+01,8.960000e+01,2.550000e+01,0.000000e+00,0.000000e+00,0.000000e+00
28,3.685600e-01,1.779600e-01,1.784700e-01,3.683700e-01,9.100000e-01,0.000000e+00,3.400000e-01,mat_only,3.580000e+01,8.980000e+01,2.560000e+01,0.000000e+00,0.000000e+00,0.000000e+00,5.760000e+01,4.360000e+01,6.910000e+01,0.000000e+00,0.000000e+00,0.000000e+00,5.790000e+01,4.350000e+01,6.890000e+01,0.000000e+00,0.000000e+00,0.000000e+00,3.580000e+01,8.980000e+01,2.560000e+01,0.000000e+00,0.000000e+00,0.000000e+00
29,3.687900e-01,1.787400e-01,1.792500e-01,3.686000e-01,9.100000e-01,0.000000e+00,3.400000e-01,mat_only,3.550000e+01,9.000000e+01,2.550000e+01,0.000000e+00,0.000000e+00,0.000000e+00,5.800000e+01,4.410000e+01,6.850000e+01,0.000000e+00,0.000000e+00,0.000000e+00,5.830000e+01,4.400000e+01,6.830000e+01,0.000000e+00,0.000000e+00,0.000000e+00,3.540000e+01,9.000000e+01,2.550000e+01,0.000000e+00,0.000000e+00,0.000000e+00
30,3.690800e-01,1.793900e-01,1.799100e-01,3.688800e-01,9.100000e-01,0.000000e+00,3.400000e-01,mat_only,3.510000e+01,9.010000e+01,2.560000e+01,0.000000e+00,0.000000e+00,0.000000e+00,5.830000e+01,4.430000e+01,6.810000e+01,0.000000e+00,0.000000e+00,0.000000e+00,5.860000e+01,4.430000e+01,6.790000e+01,0.000000e+00,0.000000e+00,0.000000e+00,3.500000e+01,9.010000e+01,2.560000e+01,0.000000e+00,0.000000e+00,0.000000e+00
31,3.695700e-01,1.801000e-01,1.806100e-01,3.693700e-01,9.100000e-01,0.000000e+00,3.400000e-01,mat_only,3.460000e+01,9.020000e+01,2.580000e+01,0.000000e+00,0.000000e+00,0.000000e+00,5.850000e+01,4.450000e+01,6.780000e+01,0.000000e+00,0.000000e+00,0.000000e+00,5.880000e+01,4.440000e+01,6.760000e+01,0.000000e+00,0.000000e+00,0.000000e+00,3.460000e+01,9.020000e+01,2.580000e+01,0.000000e+00,0.000000e+00,0.000000e+00
32,3.702000e-01,1.807400e-01,1.812600e-01,3.700100e-01,9.100000e-01,0.000000e+00,3.400000e-01,mat_only,3.430000e+01,9.030000e+01,2.570000e+01,0.000000e+00,0.000000e+00,0.000000e+00,5.880000e+01,4.510000e+01,6.720000e+01,0.000000e+00,0.000000e+00,0.000000e+00,5.900000e+01,4.510000e+01,6.700000e+01,0.000000e+00,0.000000e+00,0.000000e+00,3.430000e+01,9.040000e+01,2.570000e+01,0.000000e+00,0.000000e+00,0.000000e+00
33,3.700000e-01,1.814500e-01,1.819600e-01,3.698000e-01,9.100000e-01,0.000000e+00,3.400000e-01,mat_only,3.390000e+01,9.050000e+01,2.590000e+01,0.000000e+00,0.000000e+00,0.000000e+00,5.920000e+01,4.500000e+01,6.690000e+01,0.000000e+00,0.000000e+00,0.000000e+00,5.940000e+01,4.490000e+01,6.670000e+01,0.000000e+00,0.000000e+00,0.000000e+00,3.380000e+01,9.050000e+01,2.590000e+01,0.000000e+00,0.000000e+00,0.000000e+00
34,3.702100e-01,1.821500e-01,1.826700e-01,3.700200e-01,9.100000e-01,0.000000e+00,3.400000e-01,mat_only,3.360000e+01,9.060000e+01,2.600000e+01,0.000000e+00,0.000000e+00,0.000000e+00,5.940000e+01,4.530000e+01,6.650000e+01,0.000000e+00,0.000000e+00,0.000000e+00,5.970000e+01,4.520000e+01,6.630000e+01,0.000000e+00,0.000000e+00,0.000000e+00,3.350000e+01,9.060000e+01,2.600000e+01,0.000000e+00,0.000000e+00,0.000000e+00
35,3.707900e-01,1.826600e-01,1.831700e-01,3.706000e-01,9.100000e-01,0.000000e+00,3.400000e-01,mat_only,3.330000e+01,9.070000e+01,2.590000e+01,0.000000e+00,0.000000e+00,0.000000e+00,5.970000e+01,4.580000e+01,6.590000e+01,0.000000e+00,0.000000e+00,0.000000e+00,5.990000e+01,4.570000e+01,6.570000e+01,0.000000e+00,0.000000e+00,0.000000e+00,3.320000e+01,9.070000e+01,2.600000e+01,0.000000e+00,0.000000e+00,0.000000e+00
36,3.708700e-01,1.833600e-01,1.838800e-01,3.706700e-01,9.100000e-01,0.000000e+00,3.400000e-01,mat_only,3.290000e+01,9.080000e+01,2.610000e+01,0.000000e+00,0.000000e+00,0.000000e+00,6.000000e+01,4.570000e+01,6.570000e+01,0.000000e+00,0.000000e+00,0.000000e+00,6.020000e+01,4.560000e+01,6.550000e+01,0.000000e+00,0.000000e+00,0.000000e+00,3.280000e+01,9.080000e+01,2.610000e+01,0.000000e+00,0.000000e+00,0.000000e+00
37,3.710300e-01,1.838700e-01,1.843800e-01,3.708300e-01,9.100000e-01,0.000000e+00,3.400000e-01,mat_only,3.260000e+01,9.080000e+01,2.620000e+01,0.000000e+00,0.000000e+00,0.000000e+00,6.020000e+01,4.580000e+01,6.530000e+01,0.000000e+00,0.000000e+00,0.000000e+00,6.050000e+01,4.580000e+01,6.520000e+01,0.000000e+00,0.000000e+00,0.000000e+00,3.250000e+01,9.090000e+01,2.620000e+01,0.000000e+00,0.000000e+00,0.000000e+00
38,3.702800e-01,1.844400e-01,1.849500e-01,3.700800e-01,9.100000e-01,0.000000e+00,3.400000e-01,mat_only,3.220000e+01,9.090000e+01,2.640000e+01,0.000000e+00,0.000000e+00,0.000000e+00,6.070000e+01,4.560000e+01,6.510000e+01,0.000000e+00,0.000000e+00,0.000000e+00,6.090000e+01,4.550000e+01,6.490000e+01,0.000000e+00,0.000000e+00,0.000000e+00,3.210000e+01,9.100000e+01,2.640000e+01,0.000000e+00,0.000000e+00,0.000000e+00
39,3.707900e-01,1.850900e-01,1.856000e-01,3.706000e-01,9.000000e-01,0.000000e+00,3.400000e-01,mat_only,3.180000e+01,9.100000e+01,2.650000e+01,0.000000e+00,0.000000e+00,0.000000e+00,6.090000e+01,4.570000e+01,6.480000e+01,0.000000e+00,0.000000e+00,0.000000e+00,6.110000e+01,4.560000e+01,6.470000e+01,0.000000e+00,0.000000e+00,0.000000e+00,3.180000e+01,9.100000e+01,2.650000e+01,0.000000e+00,0.000000e+00,0.000000e+00
40,3.705900e-01,1.855100e-01,1.860300e-01,3.703900e-01,9.000000e-01,0.000000e+00,3.400000e-01,mat_only,3.160000e+01,9.110000e+01,2.650000e+01,0.000000e+00,0.000000e+00,0.000000e+00,6.130000e+01,4.580000e+01,6.440000e+01,0.000000e+00,0.000000e+00,0.000000e+00,6.150000e+01,4.570000e+01,6.430000e+01,0.000000e+00,0.000000e+00,0.000000e+00,3.150000e+01,9.110000e+01,2.650000e+01,0.000000e+00,0.000000e+00,0.000000e+00
41,3.722800e-01,1.860100e-01,1.865300e-01,3.720800e-01,9.000000e-01,0.000000e+00,3.400000e-01,mat_only,3.150000e+01,9.110000e+01,2.650000e+01,0.000000e+00,0.000000e+00,0.000000e+00,6.110000e+01,4.670000e+01,6.390000e+01,0.000000e+00,0.000000e+00,0.000000e+00,6.130000e+01,4.670000e+01,6.370000e+01,0.000000e+00,0.000000e+00,0.000000e+00,3.140000e+01,9.120000e+01,2.650000e+01,0.000000e+00,0.000000e+00,0.000000e+00
42,3.711800e-01,1.865000e-01,1.870300e-01,3.709800e-01,9.000000e-01,0.000000e+00,3.400000e-01,mat_only,3.110000e+01,9.120000e+01,2.670000e+01,0.000000e+00,0.000000e+00,0.000000e+00,6.160000e+01,4.610000e+01,6.380000e+01,0.000000e+00,0.000000e+00,0.000000e+00,6.180000e+01,4.610000e+01,6.370000e+01,0.000000e+00,0.000000e+00,0.000000e+00,3.100000e+01,9.120000e+01,2.670000e+01,0.000000e+00,0.000000e+00,0.000000e+00
43,3.717300e-01,1.869300e-01,1.874500e-01,3.715400e-01,9.000000e-01,0.000000e+00,3.400000e-01,mat_only,3.090000e+01,9.130000e+01,2.660000e+01,0.000000e+00,0.000000e+00,0.000000e+00,6.180000e+01,4.680000e+01,6.320000e+01,0.000000e+00,0.000000e+00,0.000000e+00,6.200000e+01,4.670000e+01,6.300000e+01,0.000000e+00,0.000000e+00,0.000000e+00,3.080000e+01,9.130000e+01,2.660000e+01,0.000000e+00,0.000000e+00,0.000000e+00
44,3.716100e-01,1.874000e-01,1.879300e-01,3.714100e-01,9.000000e-01,0.000000e+00,3.400000e-01,mat_only,3.060000e+01,9.140000e+01,2.670000e+01,0.000000e+00,0.000000e+00,0.000000e+00,6.210000e+01,4.660000e+01,6.310000e+01,0.000000e+00,0.000000e+00,0.000000e+00,6.230000e+01,4.650000e+01,6.290000e+01,0.000000e+00,0.000000e+00,0.000000e+00,3.060000e+01,9.140000e+01,2.680000e+01,0.000000e+00,0.000000e+00,0.000000e+00
45,3.724200e-01,1.877700e-01,1.882900e-01,3.722200e-01,9.000000e-01,0.000000e+00,3.400000e-01,mat_only,3.030000e+01,9.140000e+01,2.710000e+01,0.000000e+00,0.000000e+00,0.000000e+00,6.190000e+01,4.650000e+01,6.330000e+01,0.000000e+00,0.000000e+00,0.000000e+00,6.220000e+01,4.640000e+01,6.310000e+01,0.000000e+00,0.000000e+00,0.000000e+00,3.020000e+01,9.140000e+01,2.710000e+01,0.000000e+00,0.000000e+00,0.000000e+00
46,3.721700e-01,1.881500e-01,1.886800e-01,3.719700e-01,9.000000e-01,0.000000e+00,3.400000e-01,mat_only,3.010000e+01,9.140000e+01,2.710000e+01,0.000000e+00,0.000000e+00,0.000000e+00,6.230000e+01,4.660000e+01,6.290000e+01,0.000000e+00,0.000000e+00,0.000000e+00,6.250000e+01,4.650000e+01,6.270000e+01,0.000000e+00,0.000000e+00,0.000000e+00,3.000000e+01,9.150000e+01,2.710000e+01,0.000000e+00,0.000000e+00,0.000000e+00
47,6.456100e-01,4.623000e-01,4.628800e-01,6.451300e-01,7.600000e-01,0.000000e+00,4.800000e-01,mat_only,2.850000e+01,8.210000e+01,4.950000e+01,0.000000e+00,0.000000e+00,0.000000e+00,6.050000e+01,2.390000e+01,7.590000e+01,0.000000e+00,0.000000e+00,0.000000e+00,6.060000e+01,2.390000e+01,7.590000e+01,0.000000e+00,0.000000e+00,0.000000e+00,2.840000e+01,8.210000e+01,4.950000e+01,0.000000e+00,0.000000e+00,0.000000e+00
48,2.194900e-01,1.612300e-01,1.613300e-01,2.194300e-01,9.300000e-01,0.000000e+00,1.700000e-01,mat_only,3.610000e+01,7.770000e+01,5.150000e+01,0.000000e+00,0.000000e+00,0.000000e+00,6.070000e+01,2.730000e+01,7.460000e+01,0.000000e+00,0.000000e+00,0.000000e+00,6.080000e+01,2.740000e+01,7.460000e+01,0.000000e+00,0.000000e+00,0.000000e+00,3.610000e+01,7.770000e+01,5.150000e+01,0.000000e+00,0.000000e+00,0.000000e+00
49,6.430400e-01,5.334300e-01,5.338100e-01,6.427700e-01,8.000000e-01,0.000000e+00,4.000000e-01,mat_only,4.910000e+01,6.270000e+01,6.050000e+01,0.000000e+00,0.000000e+00,0.000000e+00,6.740000e+01,1.610000e+01,7.210000e+01,0.000000e+00,0.000000e+00,0.000000e+00,6.740000e+01,1.610000e+01,7.210000e+01,0.000000e+00,0.000000e+00,0.000000e+00,4.900000e+01,6.270000e+01,6.050000e+01,0.000000e+00,0.000000e+00,0.000000e+00
50,5.583400e-01,3.106100e-01,3.111400e-01,5.579800e-01,8.400000e-01,0.000000e+00,4.900000e-01,mat_only,3.280000e+01,9.200000e+01,2.140000e+01,0.000000e+00,0.000000e+00,0.000000e+00,8.300000e+01,3.120000e+01,4.620000e+01,0.000000e+00,0.000000e+00,0.000000e+00,8.310000e+01,3.120000e+01,4.610000e+01,0.000000e+00,0.000000e+00,0.000000e+00,3.280000e+01,9.200000e+01,2.140000e+01,0.000000e+00,0.000000e+00,0.000000e+00
51,4.202300e-01,2.698900e-01,2.702800e-01,4.199800e-01,8.400000e-01,0.000000e+00,3.500000e-01,mat_only,3.190000e+01,8.930000e+01,3.180000e+01,0.000000e+00,0.000000e+00,0.000000e+00,7.520000e+01,2.990000e+01,5.870000e+01,0.000000e+00,0.000000e+00,0.000000e+00,7.520000e+01,2.990000e+01,5.870000e+01,0.000000e+00,0.000000e+00,0.000000e+00,3.190000e+01,8.930000e+01,3.180000e+01,0.000000e+00,0.000000e+00,0.000000e+00
52,5.705100e-01,3.167800e-01,3.173200e-01,5.702700e-01,8.900000e-01,0.000000e+00,5.200000e-01,mat_only,3.470000e+01,8.990000e+01,2.650000e+01,0.000000e+00,0.000000e+00,0.000000e+00,8.330000e+01,2.910000e+01,4.710000e+01,0.000000e+00,0.000000e+00,0.000000e+00,8.330000e+01,2.900000e+01,4.710000e+01,0.000000e+00,0.000000e+00,0.000000e+00,3.470000e+01,9.000000e+01,2.650000e+01,0.000000e+00,0.000000e+00,0.000000e+00
53,4.031900e-01,2.482200e-01,2.485700e-01,4.029800e-01,9.000000e-01,0.000000e+00,3.400000e-01,mat_only,3.980000e+01,8.520000e+01,3.410000e+01,0.000000e+00,0.000000e+00,0.000000e+00,7.990000e+01,2.450000e+01,5.500000e+01,0.000000e+00,0.000000e+00,0.000000e+00,7.990000e+01,2.450000e+01,5.490000e+01,0.000000e+00,0.000000e+00,0.000000e+00,3.970000e+01,8.520000e+01,3.410000e+01,0.000000e+00,0.000000e+00,0.000000e+00
54,5.852700e-01,3.102700e-01,3.108100e-01,5.850400e-01,8.700000e-01,0.000000e+00,5.300000e-01,mat_only,3.420000e+01,9.210000e+01,1.850000e+01,0.000000e+00,0.000000e+00,0.000000e+00,8.410000e+01,3.250000e+01,4.320000e+01,0.000000e+00,0.000000e+00,0.000000e+00,8.420000e+01,3.250000e+01,4.310000e+01,0.000000e+00,0.000000e+00,0.000000e+00,3.410000e+01,9.220000e+01,1.850000e+01,0.000000e+00,0.000000e+00,0.000000e+00
55,3.372900e-01,1.672100e-01,1.673700e-01,3.372300e-01,9.700000e-01,0.000000e+00,3.000000e-01,mat_only,3.890000e+01,8.810000e+01,2.710000e+01,0.000000e+00,0.000000e+00,0.000000e+00,8.070000e+01,2.750000e+01,5.220000e+01,0.000000e+00,0.000000e+00,0.000000e+00,8.080000e+01,2.750000e+01,5.210000e+01,0.000000e+00,0.000000e+00,0.000000e+00,3.890000e+01,8.800000e+01,2.710000e+01,0.000000e+00,0.000000e+00,0.000000e+00
56,5.552400e-01,2.839700e-01,2.844700e-01,5.550300e-01,9.400000e-01,0.000000e+00,5.400000e-01,mat_only,3.470000e+01,9.010000e+01,2.610000e+01,0.000000e+00,0.000000e+00,0.000000e+00,8.420000e+01,2.660000e+01,4.690000e+01,0.000000e+00,0.000000e+00,0.000000e+00,8.420000e+01,2.660000e+01,4.680000e+01,0.000000e+00,0.000000e+00,0.000000e+00,3.470000e+01,9.010000e+01,2.610000e+01,0.000000e+00,0.000000e+00,0.000000e+00
57,8.648200e-01,8.296800e-01,8.299200e-01,8.646100e-01,7.800000e-01,0.000000e+00,4.200000e-01,mat_only,9.310000e+01,3.240000e+01,1.670000e+01,0.000000e+00,0.000000e+00,0.000000e+00,9.790000e+01,7.700000e+00,1.880000e+01,0.000000e+00,0.000000e+00,0.000000e+00,9.790000e+01,7.700000e+00,1.880000e+01,0.000000e+00,0.000000e+00,0.000000e+00,9.310000e+01,3.240000e+01,1.670000e+01,0.000000e+00,0.000000e+00,0.000000e+00
58,5.037500e-01,2.734200e-01,2.741500e-01,5.034200e-01,7.700000e-01,0.000000e+00,4.600000e-01,mat_only,1.540000e+01,9.680000e+01,2.000000e+01,0.000000e+00,0.000000e+00,0.000000e+00,7.610000e+01,3.630000e+01,5.390000e+01,0.000000e+00,0.000000e+00,0.000000e+00,7.610000e+01,3.620000e+01,5.380000e+01,0.000000e+00,0.000000e+00,0.000000e+00,1.530000e+01,9.680000e+01,2.000000e+01,0.000000e+00,0.000000e+00,0.000000e+00
59,5.221000e-01,3.696300e-01,3.699300e-01,5.218500e-01,8.600000e-01,0.000000e+00,4.000000e-01,mat_only,4.090000e+01,7.660000e+01,4.970000e+01,0.000000e+00,0.000000e+00,0.000000e+00,6.480000e+01,1.760000e+01,7.410000e+01,0.000000e+00,0.000000e+00,0.000000e+00,6.490000e+01,1.760000e+01,7.400000e+01,0.000000e+00,0.000000e+00,0.000000e+00,4.090000e+01,7.660000e+01,4.970000e+01,0.000000e+00,0.000000e+00,0.000000e+00
60,4.723200e-01,4.198800e-01,4.201100e-01,4.721700e-01,8.500000e-01,0.000000e+00,2.500000e-01,mat_only,5.140000e+01,5.470000e+01,6.610000e+01,0.000000e+00,0.000000e+00,0.000000e+00,6.200000e+01,1.330000e+01,7.730000e+01,0.000000e+00,0.000000e+00,0.000000e+00,6.210000e+01,1.340000e+01,7.720000e+01,0.000000e+00,0.000000e+00,0.000000e+00,5.140000e+01,5.470000e+01,6.610000e+01,0.000000e+00,0.000000e+00,0.000000e+00
61,4.982700e-01,4.493500e-01,4.495700e-01,4.981100e-01,8.500000e-01,0.000000e+00,2.500000e-01,mat_only,5.560000e+01,5.180000e+01,6.500000e+01,0.000000e+00,0.000000e+00,0.000000e+00,6.520000e+01,1.230000e+01,7.480000e+01,0.000000e+00,0.000000e+00,0.000000e+00,6.530000e+01,1.230000e+01,7.470000e+01,0.000000e+00,0.000000e+00,0.000000e+00,5.560000e+01,5.180000e+01,6.510000e+01,0.000000e+00,0.000000e+00,0.000000e+00
62,5.310300e-01,4.845800e-01,4.848100e-01,5.308600e-01,8.500000e-01,0.000000e+00,2.600000e-01,mat_only,6.020000e+01,4.900000e+01,6.310000e+01,0.000000e+00,0.000000e+00,0.000000e+00,6.900000e+01,1.160000e+01,7.150000e+01,0.000000e+00,0.000000e+00,0.000000e+00,6.900000e+01,1.160000e+01,7.150000e+01,0.000000e+00,0.000000e+00,0.000000e+00,6.020000e+01,4.900000e+01,6.310000e+01,0.000000e+00,0.000000e+00,0.000000e+00
63,5.721400e-01,5.283400e-01,5.285700e-01,5.719700e-01,8.400000e-01,0.000000e+00,2.700000e-01,mat_only,6.550000e+01,4.590000e+01,6.000000e+01,0.000000e+00,0.000000e+00,0.000000e+00,7.340000e+01,1.080000e+01,6.710000e+01,0.000000e+00,0.000000e+00,0.000000e+00,7.340000e+01,1.080000e+01,6.710000e+01,0.000000e+00,0.000000e+00,0.000000e+00,6.550000e+01,4.590000e+01,6.000000e+01,0.000000e+00,0.000000e+00,0.000000e+00
64,6.302300e-01,5.882100e-01,5.884400e-01,6.300500e-01,8.300000e-01,0.000000e+00,2.900000e-01,mat_only,7.200000e+01,4.270000e+01,5.470000e+01,0.000000e+00,0.000000e+00,0.000000e+00,7.910000e+01,9.900000e+00,6.040000e+01,0.000000e+00,0.000000e+00,0.000000e+00,7.910000e+01,9.900000e+00,6.040000e+01,0.000000e+00,0.000000e+00,0.000000e+00,7.200000e+01,4.270000e+01,5.470000e+01,0.000000e+00,0.000000e+00,0.000000e+00
65,7.510100e-01,7.073800e-01,7.076200e-01,7.508200e-01,8.100000e-01,0.000000e+00,3.500000e-01,mat_only,8.250000e+01,3.890000e+01,4.100000e+01,0.000000e+00,0.000000e+00,0.000000e+00,8.890000e+01,8.700000e+00,4.500000e+01,0.000000e+00,0.000000e+00,0.000000e+00,8.890000e+01,8.700000e+00,4.500000e+01,0.000000e+00,0.000000e+00,0.000000e+00,8.250000e+01,3.890000e+01,4.100000e+01,0.000000e+00,0.000000e+00,0.000000e+00
66,6.624500e-01,6.206300e-01,6.208600e-01,6.622700e-01,8.300000e-01,0.000000e+00,3.000000e-01,mat_only,7.510000e+01,4.140000e+01,5.150000e+01,0.000000e+00,0.000000e+00,0.000000e+00,8.180000e+01,9.500000e+00,5.670000e+01,0.000000e+00,0.000000e+00,0.000000e+00,8.190000e+01,9.500000e+00,5.670000e+01,0.000000e+00,0.000000e+00,0.000000e+00,7.510000e+01,4.140000e+01,5.150000e+01,0.000000e+00,0.000000e+00,0.000000e+00
67,7.314900e-01,6.707400e-01,6.709300e-01,7.313300e-01,1.060000e+00,0.000000e+00,4.200000e-01,mat_only,8.850000e+01,4.060000e+01,2.290000e+01,0.000000e+00,0.000000e+00,0.000000e+00,9.720000e+01,7.900000e+00,2.220000e+01,0.000000e+00,0.000000e+00,0.000000e+00,9.720000e+01,7.900000e+00,2.220000e+01,0.000000e+00,0.000000e+00,0.000000e+00,8.850000e+01,4.060000e+01,2.290000e+01,0.000000e+00,0.000000e+00,0.000000e+00
68,7.255800e-01,6.864800e-01,6.867100e-01,7.253900e-01,8.200000e-01,0.000000e+00,3.300000e-01,mat_only,9.050000e+01,3.770000e+01,1.980000e+01,0.000000e+00,0.000000e+00,0.000000e+00,9.680000e+01,9.000000e+00,2.340000e+01,0.000000e+00,0.000000e+00,0.000000e+00,9.680000e+01,9.000000e+00,2.340000e+01,0.000000e+00,0.000000e+00,0.000000e+00,9.050000e+01,3.770000e+01,1.980000e+01,0.000000e+00,0.000000e+00,0.000000e+00
69,6.836100e-01,6.300200e-01,6.302600e-01,6.834300e-01,8.200000e-01,0.000000e+00,3.400000e-01,mat_only,8.900000e+01,4.390000e+01,1.260000e+01,0.000000e+00,0.000000e+00,0.000000e+00,9.800000e+01,1.020000e+01,1.720000e+01,0.000000e+00,0.000000e+00,0.000000e+00,9.800000e+01,1.020000e+01,1.720000e+01,0.000000e+00,0.000000e+00,0.000000e+00,8.900000e+01,4.380000e+01,1.260000e+01,0.000000e+00,0.000000e+00,0.000000e+00
70,3.837900e-01,2.115000e-01,2.119700e-01,3.835800e-01,8.300000e-01,0.000000e+00,3.500000e-01,mat_only,1.930000e+01,9.420000e+01,2.730000e+01,0.000000e+00,0.000000e+00,0.000000e+00,6.950000e+01,3.190000e+01,6.450000e+01,0.000000e+00,0.000000e+00,0.000000e+00,6.960000e+01,3.190000e+01,6.430000e+01,0.000000e+00,0.000000e+00,0.000000e+00,1.930000e+01,9.420000e+01,2.730000e+01,0.000000e+00,0.000000e+00,0.000000e+00
71,4.780400e-01,2.361600e-01,2.365700e-01,4.778300e-01,8.600000e-01,0.000000e+00,4.400000e-01,mat_only,2.310000e+01,9.210000e+01,3.140000e+01,0.000000e+00,0.000000e+00,0.000000e+00,6.300000e+01,2.870000e+01,7.210000e+01,0.000000e+00,0.000000e+00,0.000000e+00,6.320000e+01,2.870000e+01,7.200000e+01,0.000000e+00,0.000000e+00,0.000000e+00,2.310000e+01,9.210000e+01,3.140000e+01,0.000000e+00,0.000000e+00,0.000000e+00
72,3.821600e-01,2.131800e-01,2.134200e-01,3.820300e-01,9.100000e-01,0.000000e+00,3.400000e-01,mat_only,2.500000e+01,8.670000e+01,4.320000e+01,0.000000e+00,0.000000e+00,0.000000e+00,5.090000e+01,2.290000e+01,8.300000e+01,0.000000e+00,0.000000e+00,0.000000e+00,5.100000e+01,2.290000e+01,8.290000e+01,0.000000e+00,0.000000e+00,0.000000e+00,2.500000e+01,8.670000e+01,4.320000e+01,0.000000e+00,0.000000e+00,0.000000e+00
73,4.448700e-01,2.713500e-01,2.717300e-01,4.446400e-01,8.500000e-01,0.000000e+00,3.800000e-01,mat_only,3.320000e+01,8.730000e+01,3.560000e+01,0.000000e+00,0.000000e+00,0.000000e+00,7.100000e+01,2.500000e+01,6.590000e+01,0.000000e+00,0.000000e+00,0.000000e+00,7.100000e+01,2.500000e+01,6.580000e+01,0.000000e+00,0.000000e+00,0.000000e+00,3.320000e+01,8.730000e+01,3.560000e+01,0.000000e+00,0.000000e+00,0.000000e+00
74,3.439500e-01,1.710600e-01,1.712200e-01,3.439100e-01,9.900000e-01,0.000000e+00,3.200000e-01,mat_only,3.850000e+01,8.540000e+01,3.500000e+01,0.000000e+00,0.000000e+00,0.000000e+00,6.850000e+01,2.040000e+01,6.990000e+01,0.000000e+00,0.000000e+00,0.000000e+00,6.860000e+01,2.040000e+01,6.990000e+01,0.000000e+00,0.000000e+00,0.000000e+00,3.860000e+01,8.530000e+01,3.510000e+01,0.000000e+00,0.000000e+00,0.000000e+00
75,4.719400e-01,2.103100e-01,2.107700e-01,4.717400e-01,8.500000e-01,0.000000e+00,4.400000e-01,mat_only,2.140000e+01,9.510000e+01,2.240000e+01,0.000000e+00,0.000000e+00,0.000000e+00,6.920000e+01,3.460000e+01,6.340000e+01,0.000000e+00,0.000000e+00,0.000000e+00,6.930000e+01,3.460000e+01,6.330000e+01,0.000000e+00,0.000000e+00,0.000000e+00,2.140000e+01,9.510000e+01,2.240000e+01,0.000000e+00,0.000000e+00,0.000000e+00
76,4.727700e-01,2.100700e-01,2.105200e-01,4.725700e-01,8.500000e-01,0.000000e+00,4.400000e-01,mat_only,2.130000e+01,9.510000e+01,2.230000e+01,0.000000e+00,0.000000e+00,0.000000e+00,6.910000e+01,3.510000e+01,6.320000e+01,0.000000e+00,0.000000e+00,0.000000e+00,6.920000e+01,3.510000e+01,6.310000e+01,0.000000e+00,0.000000e+00,0.000000e+00,2.130000e+01,9.510000e+01,2.230000e+01,0.000000e+00,0.000000e+00,0.000000e+00
77,4.720500e-01,2.097300e-01,2.101900e-01,4.718400e-01,8.500000e-01,0.000000e+00,4.400000e-01,mat_only,2.140000e+01,9.510000e+01,2.230000e+01,0.000000e+00,0.000000e+00,0.000000e+00,6.920000e+01,3.500000e+01,6.320000e+01,0.000000e+00,0.000000e+00,0.000000e+00,6.930000e+01,3.500000e+01,6.310000e+01,0.000000e+00,0.000000e+00,0.000000e+00,2.140000e+01,9.510000e+01,2.230000e+01,0.000000e+00,0.000000e+00,0.000000e+00
78,4.705800e-01,2.099700e-01,2.104200e-01,4.703800e-01,8.500000e-01,0.000000e+00,4.400000e-01,mat_only,2.150000e+01,9.510000e+01,2.240000e+01,0.000000e+00,0.000000e+00,0.000000e+00,6.940000e+01,3.430000e+01,6.330000e+01,0.000000e+00,0.000000e+00,0.000000e+00,6.950000e+01,3.430000e+01,6.320000e+01,0.000000e+00,0.000000e+00,0.000000e+00,2.150000e+01,9.500000e+01,2.240000e+01,0.000000e+00,0.000000e+00,0.000000e+00
79,6.106000e-01,3.338300e-01,3.345500e-01,6.102800e-01,7.200000e-01,0.000000e+00,5.600000e-01,mat_only,2.600000e+01,9.230000e+01,2.840000e+01,0.000000e+00,0.000000e+00,0.000000e+00,7.570000e+01,2.530000e+01,6.030000e+01,0.000000e+00,0.000000e+00,0.000000e+00,7.580000e+01,2.530000e+01,6.010000e+01,0.000000e+00,0.000000e+00,0.000000e+00,2.600000e+01,9.230000e+01,2.840000e+01,0.000000e+00,0.000000e+00,0.000000e+00
80,4.324200e-01,2.521900e-01,2.526800e-01,4.322000e-01,8.000000e-01,0.000000e+00,3.900000e-01,mat_only,2.380000e+01,9.130000e+01,3.300000e+01,0.000000e+00,0.000000e+00,0.000000e+00,6.840000e+01,2.670000e+01,6.790000e+01,0.000000e+00,0.000000e+00,0.000000e+00,6.850000e+01,2.670000e+01,6.780000e+01,0.000000e+00,0.000000e+00,0.000000e+00,2.380000e+01,9.130000e+01,3.300000e+01,0.000000e+00,0.000000e+00,0.000000e+00
81,4.283200e-01,2.479200e-01,2.484100e-01,4.281100e-01,8.000000e-01,0.000000e+00,3.900000e-01,mat_only,2.290000e+01,9.170000e+01,3.270000e+01,0.000000e+00,0.000000e+00,0.000000e+00,6.840000e+01,2.590000e+01,6.820000e+01,0.000000e+00,0.000000e+00,0.000000e+00,6.850000e+01,2.590000e+01,6.810000e+01,0.000000e+00,0.000000e+00,0.000000e+00,2.290000e+01,9.170000e+01,3.270000e+01,0.000000e+00,0.000000e+00,0.000000e+00
82,4.301500e-01,2.444000e-01,2.449000e-01,4.299400e-01,8.100000e-01,0.000000e+00,3.900000e-01,mat_only,2.190000e+01,9.210000e+01,3.210000e+01,0.000000e+00,0.000000e+00,0.000000e+00,6.760000e+01,2.750000e+01,6.830000e+01,0.000000e+00,0.000000e+00,0.000000e+00,6.780000e+01,2.750000e+01,6.820000e+01,0.000000e+00,0.000000e+00,0.000000e+00,2.190000e+01,9.210000e+01,3.210000e+01,0.000000e+00,0.000000e+00,0.000000e+00
83,4.280900e-01,2.413300e-01,2.418400e-01,4.278700e-01,8.100000e-01,0.000000e+00,3.900000e-01,mat_only,2.120000e+01,9.250000e+01,3.170000e+01,0.000000e+00,0.000000e+00,0.000000e+00,6.740000e+01,2.780000e+01,6.840000e+01,0.000000e+00,0.000000e+00,0.000000e+00,6.750000e+01,2.780000e+01,6.830000e+01,0.000000e+00,0.000000e+00,0.000000e+00,2.110000e+01,9.250000e+01,3.170000e+01,0.000000e+00,0.000000e+00,0.000000e+00
84,4.252000e-01,2.386600e-01,2.391600e-01,4.249900e-01,8.100000e-01,0.000000e+00,3.900000e-01,mat_only,2.050000e+01,9.270000e+01,3.140000e+01,0.000000e+00,0.000000e+00,0.000000e+00,6.740000e+01,2.760000e+01,6.850000e+01,0.000000e+00,0.000000e+00,0.000000e+00,6.750000e+01,2.770000e+01,6.840000e+01,0.000000e+00,0.000000e+00,0.000000e+00,2.050000e+01,9.270000e+01,3.140000e+01,0.000000e+00,0.000000e+00,0.000000e+00
85,4.256900e-01,2.372200e-01,2.377200e-01,4.254700e-01,8.100000e-01,0.000000e+00,3.900000e-01,mat_only,1.970000e+01,9.290000e+01,3.120000e+01,0.000000e+00,0.000000e+00,0.000000e+00,6.710000e+01,2.770000e+01,6.870000e+01,0.000000e+00,0.000000e+00,0.000000e+00,6.730000e+01,2.770000e+01,6.860000e+01,0.000000e+00,0.000000e+00,0.000000e+00,1.970000e+01,9.290000e+01,3.120000e+01,0.000000e+00,0.000000e+00,0.000000e+00
86,4.260900e-01,2.345000e-01,2.350100e-01,4.258700e-01,8.100000e-01,0.000000e+00,3.900000e-01,mat_only,1.960000e+01,9.310000e+01,3.070000e+01,0.000000e+00,0.000000e+00,0.000000e+00,6.680000e+01,2.870000e+01,6.860000e+01,0.000000e+00,0.000000e+00,0.000000e+00,6.700000e+01,2.870000e+01,6.850000e+01,0.000000e+00,0.000000e+00,0.000000e+00,1.960000e+01,9.310000e+01,3.070000e+01,0.000000e+00,0.000000e+00,0.000000e+00
87,5.760800e-01,2.669700e-01,2.676700e-01,5.757900e-01,7.900000e-01,0.000000e+00,5.400000e-01,mat_only,2.120000e+01,9.460000e+01,2.440000e+01,0.000000e+00,0.000000e+00,0.000000e+00,7.420000e+01,2.820000e+01,6.080000e+01,0.000000e+00,0.000000e+00,0.000000e+00,7.440000e+01,2.820000e+01,6.060000e+01,0.000000e+00,0.000000e+00,0.000000e+00,2.120000e+01,9.460000e+01,2.450000e+01,0.000000e+00,0.000000e+00,0.000000e+00
88,5.917500e-01,2.700000e-01,2.707200e-01,5.914600e-01,7.900000e-01,0.000000e+00,5.600000e-01,mat_only,2.060000e+01,9.490000e+01,2.390000e+01,0.000000e+00,0.000000e+00,0.000000e+00,7.440000e+01,2.930000e+01,6.010000e+01,0.000000e+00,0.000000e+00,0.000000e+00,7.450000e+01,2.930000e+01,5.990000e+01,0.000000e+00,0.000000e+00,0.000000e+00,2.060000e+01,9.490000e+01,2.390000e+01,0.000000e+00,0.000000e+00,0.000000e+00
89,6.050500e-01,2.711700e-01,2.719200e-01,6.047500e-01,7.800000e-01,0.000000e+00,5.700000e-01,mat_only,2.120000e+01,9.490000e+01,2.350000e+01,0.000000e+00,0.000000e+00,0.000000e+00,7.470000e+01,3.000000e+01,5.930000e+01,0.000000e+00,0.000000e+00,0.000000e+00,7.480000e+01,3.000000e+01,5.920000e+01,0.000000e+00,0.000000e+00,0.000000e+00,2.120000e+01,9.490000e+01,2.350000e+01,0.000000e+00,0.000000e+00,0.000000e+00
90,6.184400e-01,2.759800e-01,2.767500e-01,6.181400e-01,7.800000e-01,0.000000e+00,5.900000e-01,mat_only,2.040000e+01,9.510000e+01,2.320000e+01,0.000000e+00,0.000000e+00,0.000000e+00,7.530000e+01,2.960000e+01,5.880000e+01,0.000000e+00,0.000000e+00,0.000000e+00,7.540000e+01,2.960000e+01,5.860000e+01,0.000000e+00,0.000000e+00,0.000000e+00,2.040000e+01,9.510000e+01,2.320000e+01,0.000000e+00,0.000000e+00,0.000000e+00
91,8.674000e-01,8.489700e-01,8.493600e-01,8.670300e-01,7.700000e-01,0.000000e+00,3.800000e-01,mat_only,8.760000e+01,2.810000e+01,3.910000e+01,0.000000e+00,0.000000e+00,0.000000e+00,9.070000e+01,7.100000e+00,4.140000e+01,0.000000e+00,0.000000e+00,0.000000e+00,9.070000e+01,7.100000e+00,4.140000e+01,0.000000e+00,0.000000e+00,0.000000e+00,8.760000e+01,2.810000e+01,3.910000e+01,0.000000e+00,0.000000e+00,0.000000e+00
92,3.965400e-01,2.141300e-01,2.148000e-01,3.962700e-01,8.100000e-01,0.000000e+00,3.700000e-01,mat_only,1.480000e+01,9.610000e+01,2.330000e+01,0.000000e+00,0.000000e+00,0.000000e+00,7.300000e+01,3.420000e+01,5.920000e+01,0.000000e+00,0.000000e+00,0.000000e+00,7.310000e+01,3.420000e+01,5.910000e+01,0.000000e+00,0.000000e+00,0.000000e+00,1.480000e+01,9.610000e+01,2.330000e+01,0.000000e+00,0.000000e+00,0.000000e+00
93,4.253500e-01,2.026300e-01,2.031200e-01,4.251800e-01,8.200000e-01,0.000000e+00,4.000000e-01,mat_only,1.990000e+01,9.490000e+01,2.440000e+01,0.000000e+00,0.000000e+00,0.000000e+00,5.820000e+01,3.280000e+01,7.440000e+01,0.000000e+00,0.000000e+00,0.000000e+00,5.840000e+01,3.280000e+01,7.420000e+01,0.000000e+00,0.000000e+00,0.000000e+00,2.000000e+01,9.490000e+01,2.440000e+01,0.000000e+00,0.000000e+00,0.000000e+00
94,4.445300e-01,2.024900e-01,2.030200e-01,4.443200e-01,8.500000e-01,0.000000e+00,4.200000e-01,mat_only,2.000000e+01,9.520000e+01,2.320000e+01,0.000000e+00,0.000000e+00,0.000000e+00,6.470000e+01,3.280000e+01,6.880000e+01,0.000000e+00,0.000000e+00,0.000000e+00,6.490000e+01,3.280000e+01,6.870000e+01,0.000000e+00,0.000000e+00,0.000000e+00,2.000000e+01,9.520000e+01,2.320000e+01,0.000000e+00,0.000000e+00,0.000000e+00
95,4.452000e-01,2.016600e-01,2.021800e-01,4.450000e-01,8.500000e-01,0.000000e+00,4.200000e-01,mat_only,2.010000e+01,9.520000e+01,2.290000e+01,0.000000e+00,0.000000e+00,0.000000e+00,6.440000e+01,3.390000e+01,6.860000e+01,0.000000e+00,0.000000e+00,0.000000e+00,6.460000e+01,3.390000e+01,6.840000e+01,0.000000e+00,0.000000e+00,0.000000e+00,2.010000e+01,9.520000e+01,2.290000e+01,0.000000e+00,0.000000e+00,0.000000e+00
96,4.462700e-01,2.029000e-01,2.034300e-01,4.460700e-01,8.500000e-01,0.000000e+00,4.200000e-01,mat_only,2.000000e+01,9.520000e+01,2.320000e+01,0.000000e+00,0.000000e+00,0.000000e+00,6.440000e+01,3.320000e+01,6.890000e+01,0.000000e+00,0.000000e+00,0.000000e+00,6.450000e+01,3.320000e+01,6.880000e+01,0.000000e+00,0.000000e+00,0.000000e+00,2.000000e+01,9.520000e+01,2.320000e+01,0.000000e+00,0.000000e+00,0.000000e+00
97,4.447500e-01,2.027100e-01,2.032400e-01,4.445400e-01,8.500000e-01,0.000000e+00,4.200000e-01,mat_only,1.970000e+01,9.530000e+01,2.320000e+01,0.000000e+00,0.000000e+00,0.000000e+00,6.450000e+01,3.290000e+01,6.900000e+01,0.000000e+00,0.000000e+00,0.000000e+00,6.470000e+01,3.290000e+01,6.880000e+01,0.000000e+00,0.000000e+00,0.000000e+00,1.980000e+01,9.530000e+01,2.320000e+01,0.000000e+00,0.000000e+00,0.000000e+00
98,4.422500e-01,2.025200e-01,2.030400e-01,4.420500e-01,8.500000e-01,0.000000e+00,4.300000e-01,mat_only,1.970000e+01,9.530000e+01,2.310000e+01,0.000000e+00,0.000000e+00,0.000000e+00,6.480000e+01,3.200000e+01,6.910000e+01,0.000000e+00,0.000000e+00,0.000000e+00,6.500000e+01,3.210000e+01,6.890000e+01,0.000000e+00,0.000000e+00,0.000000e+00,1.980000e+01,9.530000e+01,2.320000e+01,0.000000e+00,0.000000e+00,0.000000e+00
99,2.809700e-01,1.765100e-01,1.767900e-01,2.808600e-01,8.700000e-01,0.000000e+00,2.500000e-01,mat_only,1.950000e+01,8.900000e+01,4.120000e+01,0.000000e+00,0.000000e+00,0.000000e+00,5.120000e+01,2.840000e+01,8.110000e+01,0.000000e+00,0.000000e+00,0.000000e+00,5.130000e+01,2.840000e+01,8.100000e+01,0.000000e+00,0.000000e+00,0.000000e+00,1.950000e+01,8.900000e+01,4.120000e+01,0.000000e+00,0.000000e+00,0.000000e+00
100,4.132900e-01,2.132500e-01,2.137600e-01,4.130700e-01,8.500000e-01,0.000000e+00,3.900000e-01,mat_only,2.220000e+01,9.340000e+01,2.800000e+01,0.000000e+00,0.000000e+00,0.000000e+00,6.900000e+01,2.970000e+01,6.600000e+01,0.000000e+00,0.000000e+00,0.000000e+00,6.910000e+01,2.970000e+01,6.580000e+01,0.000000e+00,0.000000e+00,0.000000e+00,2.220000e+01,9.340000e+01,2.800000e+01,0.000000e+00,0.000000e+00,0.000000e+00
101,7.343400e-01,7.306700e-01,7.309800e-01,7.340400e-01,9.200000e-01,0.000000e+00,2.000000e-01,mat_only,8.780000e+01,1.730000e+01,4.450000e+01,0.000000e+00,0.000000e+00,0.000000e+00,8.880000e+01,6.300000e+00,4.550000e+01,0.000000e+00,0.000000e+00,0.000000e+00,8.880000e+01,6.300000e+00,4.550000e+01,0.000000e+00,0.000000e+00,0.000000e+00,8.780000e+01,1.730000e+01,4.450000e+01,0.000000e+00,0.000000e+00,0.000000e+00
102,7.084100e-01,7.053000e-01,7.056100e-01,7.081200e-01,8.800000e-01,0.000000e+00,1.900000e-01,mat_only,8.580000e+01,1.970000e+01,4.750000e+01,0.000000e+00,0.000000e+00,0.000000e+00,8.700000e+01,7.100000e+00,4.880000e+01,0.000000e+00,0.000000e+00,0.000000e+00,8.700000e+01,7.100000e+00,4.880000e+01,0.000000e+00,0.000000e+00,0.000000e+00,8.580000e+01,1.970000e+01,4.750000e+01,0.000000e+00,0.000000e+00,0.000000e+00
103,6.851200e-01,6.790000e-01,6.793100e-01,6.848200e-01,8.600000e-01,0.000000e+00,2.000000e-01,mat_only,8.310000e+01,2.360000e+01,5.040000e+01,0.000000e+00,0.000000e+00,0.000000e+00,8.490000e+01,7.800000e+00,5.220000e+01,0.000000e+00,0.000000e+00,0.000000e+00,8.490000e+01,7.800000e+00,5.220000e+01,0.000000e+00,0.000000e+00,0.000000e+00,8.310000e+01,2.360000e+01,5.040000e+01,0.000000e+00,0.000000e+00,0.000000e+00
104,6.566100e-01,6.460200e-01,6.463400e-01,6.563300e-01,8.500000e-01,0.000000e+00,2.100000e-01,mat_only,7.980000e+01,2.820000e+01,5.330000e+01,0.000000e+00,0.000000e+00,0.000000e+00,8.250000e+01,8.300000e+00,5.580000e+01,0.000000e+00,0.000000e+00,0.000000e+00,8.260000e+01,8.300000e+00,5.580000e+01,0.000000e+00,0.000000e+00,0.000000e+00,7.980000e+01,2.820000e+01,5.330000e+01,0.000000e+00,0.000000e+00,0.000000e+00
105,6.270100e-01,6.088200e-01,6.091400e-01,6.267300e-01,8.400000e-01,0.000000e+00,2.300000e-01,mat_only,7.560000e+01,3.390000e+01,5.600000e+01,0.000000e+00,0.000000e+00,0.000000e+00,7.970000e+01,9.200000e+00,5.970000e+01,0.000000e+00,0.000000e+00,0.000000e+00,7.970000e+01,9.200000e+00,5.960000e+01,0.000000e+00,0.000000e+00,0.000000e+00,7.560000e+01,3.390000e+01,5.600000e+01,0.000000e+00,0.000000e+00,0.000000e+00
106,5.959300e-01,5.661200e-01,5.664400e-01,5.956600e-01,8.300000e-01,0.000000e+00,2.500000e-01,mat_only,7.020000e+01,4.080000e+01,5.840000e+01,0.000000e+00,0.000000e+00,0.000000e+00,7.630000e+01,1.030000e+01,6.380000e+01,0.000000e+00,0.000000e+00,0.000000e+00,7.630000e+01,1.040000e+01,6.380000e+01,0.000000e+00,0.000000e+00,0.000000e+00,7.010000e+01,4.080000e+01,5.840000e+01,0.000000e+00,0.000000e+00,0.000000e+00
107,5.584400e-01,5.133600e-01,5.136900e-01,5.581800e-01,8.300000e-01,0.000000e+00,2.700000e-01,mat_only,6.300000e+01,4.890000e+01,6.040000e+01,0.000000e+00,0.000000e+00,0.000000e+00,7.190000e+01,1.160000e+01,6.850000e+01,0.000000e+00,0.000000e+00,0.000000e+00,7.200000e+01,1.160000e+01,6.840000e+01,0.000000e+00,0.000000e+00,0.000000e+00,6.300000e+01,4.890000e+01,6.040000e+01,0.000000e+00,0.000000e+00,0.000000e+00
108,5.126800e-01,4.452800e-01,4.456300e-01,5.123300e-01,8.300000e-01,0.000000e+00,3.000000e-01,mat_only,5.240000e+01,5.960000e+01,6.090000e+01,0.000000e+00,0.000000e+00,0.000000e+00,6.580000e+01,1.390000e+01,7.400000e+01,0.000000e+00,0.000000e+00,0.000000e+00,6.590000e+01,1.390000e+01,7.400000e+01,0.000000e+00,0.000000e+00,0.000000e+00,5.240000e+01,5.960000e+01,6.090000e+01,0.000000e+00,0.000000e+00,0.000000e+00
109,4.163600e-01,3.091900e-01,3.096100e-01,4.160800e-01,8.300000e-01,0.000000e+00,3.300000e-01,mat_only,2.830000e+01,8.080000e+01,5.170000e+01,0.000000e+00,0.000000e+00,0.000000e+00,5.490000e+01,2.110000e+01,8.090000e+01,0.000000e+00,0.000000e+00,0.000000e+00,5.500000e+01,2.120000e+01,8.080000e+01,0.000000e+00,0.000000e+00,0.000000e+00,2.830000e+01,8.080000e+01,5.170000e+01,0.000000e+00,0.000000e+00,0.000000e+00
110,4.387400e-01,3.480500e-01,3.484400e-01,4.384400e-01,8.300000e-01,0.000000e+00,3.200000e-01,mat_only,3.520000e+01,7.480000e+01,5.620000e+01,0.000000e+00,0.000000e+00,0.000000e+00,5.710000e+01,1.850000e+01,7.990000e+01,0.000000e+00,0.000000e+00,0.000000e+00,5.720000e+01,1.850000e+01,7.990000e+01,0.000000e+00,0.000000e+00,0.000000e+00,3.520000e+01,7.490000e+01,5.620000e+01,0.000000e+00,0.000000e+00,0.000000e+00
111,4.992300e-01,4.294400e-01,4.298000e-01,4.988900e-01,8.300000e-01,0.000000e+00,3.000000e-01,mat_only,4.970000e+01,6.220000e+01,6.060000e+01,0.000000e+00,0.000000e+00,0.000000e+00,6.430000e+01,1.450000e+01,7.520000e+01,0.000000e+00,0.000000e+00,0.000000e+00,6.440000e+01,1.460000e+01,7.510000e+01,0.000000e+00,0.000000e+00,0.000000e+00,4.960000e+01,6.220000e+01,6.060000e+01,0.000000e+00,0.000000e+00,0.000000e+00
112,3.861300e-01,2.497000e-01,2.501700e-01,3.858900e-01,8.300000e-01,0.000000e+00,3.400000e-01,mat_only,1.910000e+01,8.920000e+01,4.100000e+01,0.000000e+00,0.000000e+00,0.000000e+00,5.520000e+01,2.670000e+01,7.900000e+01,0.000000e+00,0.000000e+00,0.000000e+00,5.540000e+01,2.670000e+01,7.890000e+01,0.000000e+00,0.000000e+00,0.000000e+00,1.900000e+01,8.920000e+01,4.100000e+01,0.000000e+00,0.000000e+00,0.000000e+00
113,3.908000e-01,2.612700e-01,2.617300e-01,3.905500e-01,8.300000e-01,0.000000e+00,3.300000e-01,mat_only,2.040000e+01,8.760000e+01,4.370000e+01,0.000000e+00,0.000000e+00,0.000000e+00,5.440000e+01,2.550000e+01,8.000000e+01,0.000000e+00,0.000000e+00,0.000000e+00,5.450000e+01,2.550000e+01,7.980000e+01,0.000000e+00,0.000000e+00,0.000000e+00,2.030000e+01,8.760000e+01,4.370000e+01,0.000000e+00,0.000000e+00,0.000000e+00
114,5.299700e-01,2.684000e-01,2.691800e-01,5.296800e-01,7.300000e-01,0.000000e+00,5.100000e-01,mat_only,2.110000e+01,9.470000e+01,2.400000e+01,0.000000e+00,0.000000e+00,0.000000e+00,6.820000e+01,2.900000e+01,6.710000e+01,0.000000e+00,0.000000e+00,0.000000e+00,6.840000e+01,2.900000e+01,6.700000e+01,0.000000e+00,0.000000e+00,0.000000e+00,2.120000e+01,9.470000e+01,2.400000e+01,0.000000e+00,0.000000e+00,0.000000e+00
115,7.476900e-01,3.182100e-01,3.198700e-01,7.473400e-01,6.100000e-01,0.000000e+00,7.200000e-01,mat_only,1.120000e+01,9.750000e+01,1.930000e+01,0.000000e+00,0.000000e+00,0.000000e+00,7.700000e+01,4.490000e+01,4.540000e+01,0.000000e+00,0.000000e+00,0.000000e+00,7.710000e+01,4.490000e+01,4.520000e+01,0.000000e+00,0.000000e+00,0.000000e+00,1.120000e+01,9.750000e+01,1.940000e+01,0.000000e+00,0.000000e+00,0.000000e+00
116,8.253700e-01,3.035400e-01,3.047300e-01,8.252200e-01,3.900000e-01,0.000000e+00,8.100000e-01,mat_only,2.870000e+01,9.130000e+01,2.890000e+01,0.000000e+00,0.000000e+00,0.000000e+00,7.940000e+01,3.000000e+01,5.280000e+01,0.000000e+00,0.000000e+00,0.000000e+00,7.950000e+01,3.000000e+01,5.270000e+01,0.000000e+00,0.000000e+00,0.000000e+00,2.870000e+01,9.130000e+01,2.890000e+01,0.000000e+00,0.000000e+00,0.000000e+00
117,5.938000e-01,3.333200e-01,3.342900e-01,5.933300e-01,7.000000e-01,0.000000e+00,5.500000e-01,mat_only,2.980000e+01,9.210000e+01,2.510000e+01,0.000000e+00,0.000000e+00,0.000000e+00,7.720000e+01,2.960000e+01,5.620000e+01,0.000000e+00,0.000000e+00,0.000000e+00,7.730000e+01,2.960000e+01,5.610000e+01,0.000000e+00,0.000000e+00,0.000000e+00,2.980000e+01,9.210000e+01,2.510000e+01,0.000000e+00,0.000000e+00,0.000000e+00
118,3.162300e-01,1.517000e-01,1.517400e-01,3.162100e-01,9.300000e-01,0.000000e+00,2.900000e-01,mat_only,2.610000e+01,8.450000e+01,4.660000e+01,0.000000e+00,0.000000e+00,0.000000e+00,3.260000e+01,2.820000e+01,9.020000e+01,0.000000e+00,0.000000e+00,0.000000e+00,3.260000e+01,2.830000e+01,9.020000e+01,0.000000e+00,0.000000e+00,0.000000e+00,2.610000e+01,8.450000e+01,4.660000e+01,0.000000e+00,0.000000e+00,0.000000e+00
119,4.136300e-01,1.497000e-01,1.499700e-01,4.135100e-01,1.370000e+00,0.000000e+00,5.400000e-01,mat_only,5.140000e+01,7.920000e+01,3.290000e+01,0.000000e+00,0.000000e+00,0.000000e+00,5.650000e+01,2.470000e+01,7.870000e+01,0.000000e+00,0.000000e+00,0.000000e+00,5.660000e+01,2.470000e+01,7.860000e+01,0.000000e+00,0.000000e+00,0.000000e+00,5.140000e+01,7.920000e+01,3.290000e+01,0.000000e+00,0.000000e+00,0.000000e+00
120,4.010000e-01,2.284700e-01,2.290300e-01,4.007000e-01,8.800000e-01,0.000000e+00,3.400000e-01,mat_only,2.980000e+01,9.260000e+01,2.340000e+01,0.000000e+00,0.000000e+00,0.000000e+00,6.710000e+01,4.150000e+01,6.150000e+01,0.000000e+00,0.000000e+00,0.000000e+00,6.720000e+01,4.150000e+01,6.130000e+01,0.000000e+00,0.000000e+00,0.000000e+00,2.980000e+01,9.260000e+01,2.340000e+01,0.000000e+00,0.000000e+00,0.000000e+00
121,3.673000e-01,1.763800e-01,1.767800e-01,3.671400e-01,8.600000e-01,0.000000e+00,3.500000e-01,mat_only,2.290000e+01,9.230000e+01,3.090000e+01,0.000000e+00,0.000000e+00,0.000000e+00,5.900000e+01,3.250000e+01,7.390000e+01,0.000000e+00,0.000000e+00,0.000000e+00,5.920000e+01,3.250000e+01,7.380000e+01,0.000000e+00,0.000000e+00,0.000000e+00,2.300000e+01,9.230000e+01,3.090000e+01,0.000000e+00,0.000000e+00,0.000000e+00
122,4.437300e-01,1.895300e-01,1.902200e-01,4.434600e-01,8.500000e-01,0.000000e+00,4.300000e-01,mat_only,2.250000e+01,9.450000e+01,2.370000e+01,0.000000e+00,0.000000e+00,0.000000e+00,7.330000e+01,3.340000e+01,5.930000e+01,0.000000e+00,0.000000e+00,0.000000e+00,7.340000e+01,3.340000e+01,5.910000e+01,0.000000e+00,0.000000e+00,0.000000e+00,2.250000e+01,9.450000e+01,2.370000e+01,0.000000e+00,0.000000e+00,0.000000e+00
123,4.712600e-01,4.364100e-01,4.368000e-01,4.708700e-01,8.400000e-01,0.000000e+00,2.300000e-01,mat_only,8.360000e+01,5.150000e+01,1.910000e+01,0.000000e+00,0.000000e+00,0.000000e+00,9.510000e+01,1.490000e+01,2.700000e+01,0.000000e+00,0.000000e+00,0.000000e+00,9.510000e+01,1.490000e+01,2.700000e+01,0.000000e+00,0.000000e+00,0.000000e+00,8.360000e+01,5.150000e+01,1.910000e+01,0.000000e+00,0.000000e+00,0.000000e+00
124,3.812300e-01,2.031000e-01,2.037100e-01,3.809800e-01,8.200000e-01,0.000000e+00,3.600000e-01,mat_only,2.010000e+01,9.460000e+01,2.540000e+01,0.000000e+00,0.000000e+00,0.000000e+00,6.670000e+01,3.520000e+01,6.570000e+01,0.000000e+00,0.000000e+00,0.000000e+00,6.680000e+01,3.520000e+01,6.550000e+01,0.000000e+00,0.000000e+00,0.000000e+00,2.010000e+01,9.460000e+01,2.540000e+01,0.000000e+00,0.000000e+00,0.000000e+00
125,4.391300e-01,1.991700e-01,1.998700e-01,4.388400e-01,8.300000e-01,0.000000e+00,4.200000e-01,mat_only,2.250000e+01,9.460000e+01,2.320000e+01,0.000000e+00,0.000000e+00,0.000000e+00,7.350000e+01,3.410000e+01,5.870000e+01,0.000000e+00,0.000000e+00,0.000000e+00,7.360000e+01,3.410000e+01,5.850000e+01,0.000000e+00,0.000000e+00,0.000000e+00,2.250000e+01,9.460000e+01,2.320000e+01,0.000000e+00,0.000000e+00,0.000000e+00
126,4.239300e-01,2.980600e-01,2.985600e-01,4.236200e-01,8.200000e-01,0.000000e+00,3.500000e-01,mat_only,4.960000e+01,8.290000e+01,2.580000e+01,0.000000e+00,0.000000e+00,0.000000e+00,8.580000e+01,2.340000e+01,4.570000e+01,0.000000e+00,0.000000e+00,0.000000e+00,8.580000e+01,2.350000e+01,4.560000e+01,0.000000e+00,0.000000e+00,0.000000e+00,4.950000e+01,8.290000e+01,2.580000e+01,0.000000e+00,0.000000e+00,0.000000e+00
127,4.119400e-01,2.183000e-01,2.189200e-01,4.116600e-01,8.200000e-01,0.000000e+00,3.800000e-01,mat_only,2.190000e+01,9.350000e+01,2.800000e+01,0.000000e+00,0.000000e+00,0.000000e+00,6.550000e+01,3.330000e+01,6.780000e+01,0.000000e+00,0.000000e+00,0.000000e+00,6.570000e+01,3.330000e+01,6.770000e+01,0.000000e+00,0.000000e+00,0.000000e+00,2.190000e+01,9.350000e+01,2.800000e+01,0.000000e+00,0.000000e+00,0.000000e+00
128,4.139000e-01,1.990600e-01,1.997800e-01,4.136100e-01,8.200000e-01,0.000000e+00,4.000000e-01,mat_only,2.110000e+01,9.500000e+01,2.300000e+01,0.000000e+00,0.000000e+00,0.000000e+00,7.350000e+01,3.440000e+01,5.840000e+01,0.000000e+00,0.000000e+00,0.000000e+00,7.370000e+01,3.440000e+01,5.820000e+01,0.000000e+00,0.000000e+00,0.000000e+00,2.110000e+01,9.500000e+01,2.310000e+01,0.000000e+00,0.000000e+00,0.000000e+00
129,4.395200e-01,3.793800e-01,3.798000e-01,4.391700e-01,8.300000e-01,0.000000e+00,2.800000e-01,mat_only,7.180000e+01,6.630000e+01,2.140000e+01,0.000000e+00,0.000000e+00,0.000000e+00,9.300000e+01,1.770000e+01,3.230000e+01,0.000000e+00,0.000000e+00,0.000000e+00,9.300000e+01,1.770000e+01,3.220000e+01,0.000000e+00,0.000000e+00,0.000000e+00,7.180000e+01,6.630000e+01,2.140000e+01,0.000000e+00,0.000000e+00,0.000000e+00
130,3.905700e-01,2.028500e-01,2.034500e-01,3.903200e-01,8.200000e-01,0.000000e+00,3.700000e-01,mat_only,2.090000e+01,9.450000e+01,2.520000e+01,0.000000e+00,0.000000e+00,0.000000e+00,6.610000e+01,3.540000e+01,6.610000e+01,0.000000e+00,0.000000e+00,0.000000e+00,6.630000e+01,3.540000e+01,6.600000e+01,0.000000e+00,0.000000e+00,0.000000e+00,2.090000e+01,9.450000e+01,2.520000e+01,0.000000e+00,0.000000e+00,0.000000e+00
131,4.432700e-01,1.972100e-01,1.979200e-01,4.429900e-01,8.400000e-01,0.000000e+00,4.300000e-01,mat_only,2.270000e+01,9.460000e+01,2.310000e+01,0.000000e+00,0.000000e+00,0.000000e+00,7.360000e+01,3.420000e+01,5.850000e+01,0.000000e+00,0.000000e+00,0.000000e+00,7.370000e+01,3.420000e+01,5.830000e+01,0.000000e+00,0.000000e+00,0.000000e+00,2.270000e+01,9.460000e+01,2.310000e+01,0.000000e+00,0.000000e+00,0.000000e+00
132,4.254100e-01,3.308900e-01,3.313600e-01,4.250900e-01,8.200000e-01,0.000000e+00,3.200000e-01,mat_only,5.920000e+01,7.690000e+01,2.430000e+01,0.000000e+00,0.000000e+00,0.000000e+00,8.940000e+01,2.080000e+01,3.980000e+01,0.000000e+00,0.000000e+00,0.000000e+00,8.940000e+01,2.080000e+01,3.970000e+01,0.000000e+00,0.000000e+00,0.000000e+00,5.920000e+01,7.690000e+01,2.430000e+01,0.000000e+00,0.000000e+00,0.000000e+00
133,4.075700e-01,2.043800e-01,2.049900e-01,4.073200e-01,8.200000e-01,0.000000e+00,3.900000e-01,mat_only,2.190000e+01,9.450000e+01,2.450000e+01,0.000000e+00,0.000000e+00,0.000000e+00,6.680000e+01,3.550000e+01,6.540000e+01,0.000000e+00,0.000000e+00,0.000000e+00,6.700000e+01,3.550000e+01,6.520000e+01,0.000000e+00,0.000000e+00,0.000000e+00,2.190000e+01,9.450000e+01,2.450000e+01,0.000000e+00,0.000000e+00,0.000000e+00
134,4.443700e-01,1.980200e-01,1.987200e-01,4.440900e-01,8.400000e-01,0.000000e+00,4.300000e-01,mat_only,2.270000e+01,9.460000e+01,2.310000e+01,0.000000e+00,0.000000e+00,0.000000e+00,7.360000e+01,3.400000e+01,5.860000e+01,0.000000e+00,0.000000e+00,0.000000e+00,7.370000e+01,3.400000e+01,5.840000e+01,0.000000e+00,0.000000e+00,0.000000e+00,2.270000e+01,9.460000e+01,2.310000e+01,0.000000e+00,0.000000e+00,0.000000e+00
135,4.252500e-01,3.321300e-01,3.325900e-01,4.249200e-01,8.200000e-01,0.000000e+00,3.200000e-01,mat_only,5.950000e+01,7.660000e+01,2.420000e+01,0.000000e+00,0.000000e+00,0.000000e+00,8.950000e+01,2.080000e+01,3.950000e+01,0.000000e+00,0.000000e+00,0.000000e+00,8.950000e+01,2.080000e+01,3.950000e+01,0.000000e+00,0.000000e+00,0.000000e+00,5.950000e+01,7.660000e+01,2.420000e+01,0.000000e+00,0.000000e+00,0.000000e+00
136,4.074700e-01,2.045900e-01,2.052000e-01,4.072100e-01,8.200000e-01,0.000000e+00,3.800000e-01,mat_only,2.190000e+01,9.450000e+01,2.450000e+01,0.000000e+00,0.000000e+00,0.000000e+00,6.690000e+01,3.540000e+01,6.530000e+01,0.000000e+00,0.000000e+00,0.000000e+00,6.710000e+01,3.540000e+01,6.520000e+01,0.000000e+00,0.000000e+00,0.000000e+00,2.190000e+01,9.440000e+01,2.450000e+01,0.000000e+00,0.000000e+00,0.000000e+00
137,7.006400e-01,5.854300e-01,5.876100e-01,6.988500e-01,7.500000e-01,0.000000e+00,4.300000e-01,mat_only,7.580000e+01,5.870000e+01,2.830000e+01,0.000000e+00,0.000000e+00,0.000000e+00,9.160000e+01,1.650000e+01,3.650000e+01,0.000000e+00,0.000000e+00,0.000000e+00,9.170000e+01,1.650000e+01,3.640000e+01,0.000000e+00,0.000000e+00,0.000000e+00,7.580000e+01,5.890000e+01,2.820000e+01,0.000000e+00,0.000000e+00,0.000000e+00
138,7.055200e-01,5.848200e-01,5.869900e-01,7.037600e-01,7.500000e-01,0.000000e+00,4.300000e-01,mat_only,7.610000e+01,5.880000e+01,2.730000e+01,0.000000e+00,0.000000e+00,0.000000e+00,9.230000e+01,1.580000e+01,3.520000e+01,0.000000e+00,0.000000e+00,0.000000e+00,9.230000e+01,1.580000e+01,3.510000e+01,0.000000e+00,0.000000e+00,0.000000e+00,7.600000e+01,5.900000e+01,2.730000e+01,0.000000e+00,0.000000e+00,0.000000e+00
139,1.256200e+00,9.452800e-01,9.465300e-01,1.255200e+00,2.900000e-01,0.000000e+00,8.900000e-01,mat_only,6.880000e+01,6.990000e+01,1.940000e+01,0.000000e+00,0.000000e+00,0.000000e+00,9.550000e+01,6.300000e+00,2.910000e+01,0.000000e+00,0.000000e+00,0.000000e+00,9.550000e+01,6.300000e+00,2.910000e+01,0.000000e+00,0.000000e+00,0.000000e+00,6.880000e+01,6.990000e+01,1.940000e+01,0.000000e+00,0.000000e+00,0.000000e+00
140,9.035900e-01,7.221300e-01,7.233100e-01,9.032000e-01,4.900000e-01,0.000000e+00,7.700000e-01,mat_only,4.140000e+01,8.430000e+01,3.430000e+01,0.000000e+00,0.000000e+00,0.000000e+00,7.990000e+01,1.220000e+01,5.890000e+01,0.000000e+00,0.000000e+00,0.000000e+00,8.000000e+01,1.220000e+01,5.880000e+01,0.000000e+00,0.000000e+00,0.000000e+00,4.130000e+01,8.440000e+01,3.430000e+01,0.000000e+00,0.000000e+00,0.000000e+00
141,7.804500e-01,7.329400e-01,7.336900e-01,7.797600e-01,8.700000e-01,0.000000e+00,4.100000e-01,mat_only,8.920000e+01,3.630000e+01,2.680000e+01,0.000000e+00,0.000000e+00,0.000000e+00,9.480000e+01,1.210000e+01,2.950000e+01,0.000000e+00,0.000000e+00,0.000000e+00,9.480000e+01,1.210000e+01,2.950000e+01,0.000000e+00,0.000000e+00,0.000000e+00,8.920000e+01,3.630000e+01,2.690000e+01,0.000000e+00,0.000000e+00,0.000000e+00
142,7.833500e-01,7.325200e-01,7.332800e-01,7.826500e-01,8.600000e-01,0.000000e+00,4.200000e-01,mat_only,8.880000e+01,3.750000e+01,2.670000e+01,0.000000e+00,0.000000e+00,0.000000e+00,9.480000e+01,1.220000e+01,2.950000e+01,0.000000e+00,0.000000e+00,0.000000e+00,9.480000e+01,1.220000e+01,2.950000e+01,0.000000e+00,0.000000e+00,0.000000e+00,8.870000e+01,3.760000e+01,2.670000e+01,0.000000e+00,0.000000e+00,0.000000e+00
143,7.930400e-01,7.422900e-01,7.430400e-01,7.923500e-01,8.600000e-01,0.000000e+00,4.300000e-01,mat_only,8.850000e+01,3.740000e+01,2.760000e+01,0.000000e+00,0.000000e+00,0.000000e+00,9.450000e+01,1.190000e+01,3.050000e+01,0.000000e+00,0.000000e+00,0.000000e+00,9.450000e+01,1.190000e+01,3.050000e+01,0.000000e+00,0.000000e+00,0.000000e+00,8.850000e+01,3.750000e+01,2.760000e+01,0.000000e+00,0.000000e+00,0.000000e+00
144,8.042700e-01,7.532600e-01,7.539800e-01,8.036000e-01,8.600000e-01,0.000000e+00,4.400000e-01,mat_only,8.820000e+01,3.740000e+01,2.860000e+01,0.000000e+00,0.000000e+00,0.000000e+00,9.420000e+01,1.140000e+01,3.150000e+01,0.000000e+00,0.000000e+00,0.000000e+00,9.420000e+01,1.140000e+01,3.150000e+01,0.000000e+00,0.000000e+00,0.000000e+00,8.820000e+01,3.740000e+01,2.860000e+01,0.000000e+00,0.000000e+00,0.000000e+00
145,8.163700e-01,7.651000e-01,7.658100e-01,8.157100e-01,8.600000e-01,0.000000e+00,4.500000e-01,mat_only,8.790000e+01,3.740000e+01,2.970000e+01,0.000000e+00,0.000000e+00,0.000000e+00,9.390000e+01,1.100000e+01,3.270000e+01,0.000000e+00,0.000000e+00,0.000000e+00,9.390000e+01,1.100000e+01,3.270000e+01,0.000000e+00,0.000000e+00,0.000000e+00,8.790000e+01,3.740000e+01,2.970000e+01,0.000000e+00,0.000000e+00,0.000000e+00
146,8.282900e-01,7.773700e-01,7.780600e-01,8.276500e-01,8.500000e-01,0.000000e+00,4.700000e-01,mat_only,8.750000e+01,3.720000e+01,3.100000e+01,0.000000e+00,0.000000e+00,0.000000e+00,9.340000e+01,1.070000e+01,3.410000e+01,0.000000e+00,0.000000e+00,0.000000e+00,9.340000e+01,1.070000e+01,3.410000e+01,0.000000e+00,0.000000e+00,0.000000e+00,8.750000e+01,3.730000e+01,3.100000e+01,0.000000e+00,0.000000e+00,0.000000e+00
147,8.430400e-01,7.914900e-01,7.921600e-01,8.424100e-01,8.500000e-01,0.000000e+00,4.800000e-01,mat_only,8.700000e+01,3.730000e+01,3.230000e+01,0.000000e+00,0.000000e+00,0.000000e+00,9.290000e+01,1.000000e+01,3.550000e+01,0.000000e+00,0.000000e+00,0.000000e+00,9.290000e+01,1.000000e+01,3.550000e+01,0.000000e+00,0.000000e+00,0.000000e+00,8.700000e+01,3.730000e+01,3.230000e+01,0.000000e+00,0.000000e+00,0.000000e+00
148,8.571800e-01,8.055600e-01,8.062100e-01,8.565700e-01,8.400000e-01,0.000000e+00,5.000000e-01,mat_only,8.640000e+01,3.720000e+01,3.380000e+01,0.000000e+00,0.000000e+00,0.000000e+00,9.240000e+01,9.800000e+00,3.710000e+01,0.000000e+00,0.000000e+00,0.000000e+00,9.240000e+01,9.800000e+00,3.710000e+01,0.000000e+00,0.000000e+00,0.000000e+00,8.640000e+01,3.730000e+01,3.380000e+01,0.000000e+00,0.000000e+00,0.000000e+00
149,8.729600e-01,8.207200e-01,8.213600e-01,8.723700e-01,8.300000e-01,0.000000e+00,5.200000e-01,mat_only,8.580000e+01,3.730000e+01,3.530000e+01,0.000000e+00,0.000000e+00,0.000000e+00,9.180000e+01,9.200000e+00,3.870000e+01,0.000000e+00,0.000000e+00,0.000000e+00,9.180000e+01,9.200000e+00,3.870000e+01,0.000000e+00,0.000000e+00,0.000000e+00,8.580000e+01,3.730000e+01,3.530000e+01,0.000000e+00,0.000000e+00,0.000000e+00
150,8.890700e-01,8.362000e-01,8.368200e-01,8.885000e-01,8.200000e-01,0.000000e+00,5.400000e-01,mat_only,8.510000e+01,3.740000e+01,3.680000e+01,0.000000e+00,0.000000e+00,0.000000e+00,9.110000e+01,8.700000e+00,4.030000e+01,0.000000e+00,0.000000e+00,0.000000e+00,9.110000e+01,8.700000e+00,4.030000e+01,0.000000e+00,0.000000e+00,0.000000e+00,8.510000e+01,3.740000e+01,3.680000e+01,0.000000e+00,0.000000e+00,0.000000e+00
151,9.046100e-01,8.515900e-01,8.521800e-01,9.040500e-01,8.100000e-01,0.000000e+00,5.700000e-01,mat_only,8.440000e+01,3.730000e+01,3.840000e+01,0.000000e+00,0.000000e+00,0.000000e+00,9.040000e+01,8.100000e+00,4.200000e+01,0.000000e+00,0.000000e+00,0.000000e+00,9.040000e+01,8.200000e+00,4.200000e+01,0.000000e+00,0.000000e+00,0.000000e+00,8.440000e+01,3.730000e+01,3.840000e+01,0.000000e+00,0.000000e+00,0.000000e+00
152,9.219000e-01,8.682900e-01,8.688700e-01,9.213700e-01,8.000000e-01,0.000000e+00,6.000000e-01,mat_only,8.370000e+01,3.730000e+01,4.000000e+01,0.000000e+00,0.000000e+00,0.000000e+00,8.960000e+01,7.500000e+00,4.370000e+01,0.000000e+00,0.000000e+00,0.000000e+00,8.960000e+01,7.500000e+00,4.370000e+01,0.000000e+00,0.000000e+00,0.000000e+00,8.370000e+01,3.740000e+01,4.000000e+01,0.000000e+00,0.000000e+00,0.000000e+00
153,5.121300e-01,4.882500e-01,4.885000e-01,5.118900e-01,9.600000e-01,0.000000e+00,1.900000e-01,mat_only,8.180000e+01,3.550000e+01,4.530000e+01,0.000000e+00,0.000000e+00,0.000000e+00,8.700000e+01,8.000000e+00,4.870000e+01,0.000000e+00,0.000000e+00,0.000000e+00,8.700000e+01,8.000000e+00,4.870000e+01,0.000000e+00,0.000000e+00,0.000000e+00,8.180000e+01,3.550000e+01,4.530000e+01,0.000000e+00,0.000000e+00,0.000000e+00
154,1.076200e+00,7.368300e-01,7.376700e-01,1.075800e+00,4.800000e-01,0.000000e+00,9.200000e-01,mat_only,3.480000e+01,8.540000e+01,3.870000e+01,0.000000e+00,0.000000e+00,0.000000e+00,7.310000e+01,8.600000e+00,6.770000e+01,0.000000e+00,0.000000e+00,0.000000e+00,7.320000e+01,8.600000e+00,6.750000e+01,0.000000e+00,0.000000e+00,0.000000e+00,3.470000e+01,8.540000e+01,3.870000e+01,0.000000e+00,0.000000e+00,0.000000e+00
155,9.639700e-01,7.518700e-01,7.530200e-01,9.631000e-01,6.500000e-01,0.000000e+00,6.700000e-01,mat_only,7.560000e+01,6.350000e+01,1.560000e+01,0.000000e+00,0.000000e+00,0.000000e+00,9.700000e+01,1.460000e+01,1.930000e+01,0.000000e+00,0.000000e+00,0.000000e+00,9.700000e+01,1.460000e+01,1.930000e+01,0.000000e+00,0.000000e+00,0.000000e+00,7.560000e+01,6.360000e+01,1.560000e+01,0.000000e+00,0.000000e+00,0.000000e+00
156,9.704400e-01,7.473200e-01,7.484700e-01,9.695800e-01,6.400000e-01,0.000000e+00,6.800000e-01,mat_only,7.460000e+01,6.480000e+01,1.570000e+01,0.000000e+00,0.000000e+00,0.000000e+00,9.690000e+01,1.460000e+01,1.980000e+01,0.000000e+00,0.000000e+00,0.000000e+00,9.690000e+01,1.460000e+01,1.980000e+01,0.000000e+00,0.000000e+00,0.000000e+00,7.450000e+01,6.480000e+01,1.570000e+01,0.000000e+00,0.000000e+00,0.000000e+00
157,9.804100e-01,7.437600e-01,7.449100e-01,9.795600e-01,6.400000e-01,0.000000e+00,6.800000e-01,mat_only,7.340000e+01,6.600000e+01,1.600000e+01,0.000000e+00,0.000000e+00,0.000000e+00,9.680000e+01,1.430000e+01,2.040000e+01,0.000000e+00,0.000000e+00,0.000000e+00,9.680000e+01,1.430000e+01,2.040000e+01,0.000000e+00,0.000000e+00,0.000000e+00,7.330000e+01,6.610000e+01,1.600000e+01,0.000000e+00,0.000000e+00,0.000000e+00
158,9.895900e-01,7.395200e-01,7.406700e-01,9.887600e-01,6.300000e-01,0.000000e+00,6.900000e-01,mat_only,7.210000e+01,6.730000e+01,1.630000e+01,0.000000e+00,0.000000e+00,0.000000e+00,9.660000e+01,1.470000e+01,2.110000e+01,0.000000e+00,0.000000e+00,0.000000e+00,9.660000e+01,1.460000e+01,2.110000e+01,0.000000e+00,0.000000e+00,0.000000e+00,7.210000e+01,6.740000e+01,1.630000e+01,0.000000e+00,0.000000e+00,0.000000e+00
159,1.000500e+00,7.362400e-01,7.374000e-01,9.996800e-01,6.300000e-01,0.000000e+00,7.000000e-01,mat_only,7.090000e+01,6.850000e+01,1.670000e+01,0.000000e+00,0.000000e+00,0.000000e+00,9.650000e+01,1.440000e+01,2.190000e+01,0.000000e+00,0.000000e+00,0.000000e+00,9.650000e+01,1.440000e+01,2.190000e+01,0.000000e+00,0.000000e+00,0.000000e+00,7.090000e+01,6.860000e+01,1.670000e+01,0.000000e+00,0.000000e+00,0.000000e+00
160,1.005000e+00,7.311300e-01,7.322800e-01,1.004100e+00,6.200000e-01,0.000000e+00,7.100000e-01,mat_only,6.970000e+01,6.960000e+01,1.710000e+01,0.000000e+00,0.000000e+00,0.000000e+00,9.630000e+01,1.430000e+01,2.270000e+01,0.000000e+00,0.000000e+00,0.000000e+00,9.630000e+01,1.430000e+01,2.270000e+01,0.000000e+00,0.000000e+00,0.000000e+00,6.970000e+01,6.970000e+01,1.710000e+01,0.000000e+00,0.000000e+00,0.000000e+00
161,1.070500e+00,9.808100e-01,9.813600e-01,1.070000e+00,2.500000e-01,0.000000e+00,9.400000e-01,mat_only,7.710000e+01,4.120000e+01,4.860000e+01,0.000000e+00,0.000000e+00,0.000000e+00,8.530000e+01,8.200000e+00,5.160000e+01,0.000000e+00,0.000000e+00,0.000000e+00,8.530000e+01,8.200000e+00,5.150000e+01,0.000000e+00,0.000000e+00,0.000000e+00,7.700000e+01,4.120000e+01,4.860000e+01,0.000000e+00,0.000000e+00,0.000000e+00
162,1.240800e+00,9.784000e-01,9.793900e-01,1.240000e+00,2.000000e-01,0.000000e+00,9.200000e-01,mat_only,6.500000e+01,6.340000e+01,4.180000e+01,0.000000e+00,0.000000e+00,0.000000e+00,8.300000e+01,8.100000e+00,5.510000e+01,0.000000e+00,0.000000e+00,0.000000e+00,8.310000e+01,8.100000e+00,5.510000e+01,0.000000e+00,0.000000e+00,0.000000e+00,6.500000e+01,6.340000e+01,4.190000e+01,0.000000e+00,0.000000e+00,0.000000e+00
163,1.039000e+00,9.485800e-01,9.493600e-01,1.038300e+00,4.000000e-01,0.000000e+00,7.100000e-01,mat_only,8.200000e+01,4.330000e+01,3.750000e+01,0.000000e+00,0.000000e+00,0.000000e+00,8.960000e+01,1.190000e+01,4.270000e+01,0.000000e+00,0.000000e+00,0.000000e+00,8.960000e+01,1.190000e+01,4.270000e+01,0.000000e+00,0.000000e+00,0.000000e+00,8.190000e+01,4.330000e+01,3.750000e+01,0.000000e+00,0.000000e+00,0.000000e+00
164,1.009400e+00,7.511000e-01,7.516400e-01,1.009100e+00,7.800000e-01,0.000000e+00,8.800000e-01,mat_only,3.960000e+01,6.950000e+01,6.000000e+01,0.000000e+00,0.000000e+00,0.000000e+00,5.390000e+01,8.200000e+00,8.390000e+01,0.000000e+00,0.000000e+00,0.000000e+00,5.390000e+01,8.200000e+00,8.380000e+01,0.000000e+00,0.000000e+00,0.000000e+00,3.960000e+01,6.950000e+01,6.000000e+01,0.000000e+00,0.000000e+00,0.000000e+00
165,1.010500e+00,7.670200e-01,7.675600e-01,1.010100e+00,7.800000e-01,0.000000e+00,8.800000e-01,mat_only,3.840000e+01,6.790000e+01,6.260000e+01,0.000000e+00,0.000000e+00,0.000000e+00,5.130000e+01,7.900000e+00,8.550000e+01,0.000000e+00,0.000000e+00,0.000000e+00,5.130000e+01,7.900000e+00,8.540000e+01,0.000000e+00,0.000000e+00,0.000000e+00,3.840000e+01,6.790000e+01,6.260000e+01,0.000000e+00,0.000000e+00,0.000000e+00
166,1.012300e+00,7.832300e-01,7.837600e-01,1.011900e+00,7.800000e-01,0.000000e+00,8.900000e-01,mat_only,3.730000e+01,6.630000e+01,6.500000e+01,0.000000e+00,0.000000e+00,0.000000e+00,4.890000e+01,7.500000e+00,8.690000e+01,0.000000e+00,0.000000e+00,0.000000e+00,4.900000e+01,7.500000e+00,8.690000e+01,0.000000e+00,0.000000e+00,0.000000e+00,3.720000e+01,6.630000e+01,6.500000e+01,0.000000e+00,0.000000e+00,0.000000e+00
167,1.014500e+00,7.995800e-01,8.000900e-01,1.014100e+00,7.700000e-01,0.000000e+00,8.900000e-01,mat_only,3.610000e+01,6.460000e+01,6.730000e+01,0.000000e+00,0.000000e+00,0.000000e+00,4.670000e+01,7.100000e+00,8.820000e+01,0.000000e+00,0.000000e+00,0.000000e+00,4.670000e+01,7.100000e+00,8.810000e+01,0.000000e+00,0.000000e+00,0.000000e+00,3.600000e+01,6.460000e+01,6.730000e+01,0.000000e+00,0.000000e+00,0.000000e+00
168,1.015600e+00,8.155300e-01,8.160300e-01,1.015200e+00,7.700000e-01,0.000000e+00,9.000000e-01,mat_only,3.510000e+01,6.280000e+01,6.950000e+01,0.000000e+00,0.000000e+00,0.000000e+00,4.470000e+01,6.800000e+00,8.920000e+01,0.000000e+00,0.000000e+00,0.000000e+00,4.470000e+01,6.800000e+00,8.920000e+01,0.000000e+00,0.000000e+00,0.000000e+00,3.500000e+01,6.280000e+01,6.950000e+01,0.000000e+00,0.000000e+00,0.000000e+00
169,1.017200e+00,8.312300e-01,8.317200e-01,1.016900e+00,7.700000e-01,0.000000e+00,9.000000e-01,mat_only,3.410000e+01,6.100000e+01,7.160000e+01,0.000000e+00,0.000000e+00,0.000000e+00,4.280000e+01,6.500000e+00,9.010000e+01,0.000000e+00,0.000000e+00,0.000000e+00,4.290000e+01,6.500000e+00,9.010000e+01,0.000000e+00,0.000000e+00,0.000000e+00,3.410000e+01,6.100000e+01,7.160000e+01,0.000000e+00,0.000000e+00,0.000000e+00
170,1.018800e+00,8.467800e-01,8.472700e-01,1.018400e+00,7.600000e-01,0.000000e+00,9.100000e-01,mat_only,3.340000e+01,5.910000e+01,7.350000e+01,0.000000e+00,0.000000e+00,0.000000e+00,4.130000e+01,6.200000e+00,9.090000e+01,0.000000e+00,0.000000e+00,0.000000e+00,4.140000e+01,6.200000e+00,9.080000e+01,0.000000e+00,0.000000e+00,0.000000e+00,3.330000e+01,5.910000e+01,7.350000e+01,0.000000e+00,0.000000e+00,0.000000e+00
171,1.020800e+00,8.623900e-01,8.628600e-01,1.020400e+00,7.500000e-01,0.000000e+00,9.200000e-01,mat_only,3.280000e+01,5.710000e+01,7.530000e+01,0.000000e+00,0.000000e+00,0.000000e+00,4.010000e+01,5.800000e+00,9.140000e+01,0.000000e+00,0.000000e+00,0.000000e+00,4.010000e+01,5.800000e+00,9.140000e+01,0.000000e+00,0.000000e+00,0.000000e+00,3.280000e+01,5.710000e+01,7.530000e+01,0.000000e+00,0.000000e+00,0.000000e+00
172,1.021700e+00,8.766500e-01,8.771100e-01,1.021300e+00,7.500000e-01,0.000000e+00,9.200000e-01,mat_only,3.260000e+01,5.510000e+01,7.690000e+01,0.000000e+00,0.000000e+00,0.000000e+00,3.930000e+01,5.600000e+00,9.180000e+01,0.000000e+00,0.000000e+00,0.000000e+00,3.930000e+01,5.600000e+00,9.180000e+01,0.000000e+00,0.000000e+00,0.000000e+00,3.250000e+01,5.510000e+01,7.690000e+01,0.000000e+00,0.000000e+00,0.000000e+00
173,1.023200e+00,8.910300e-01,8.914800e-01,1.022800e+00,7.400000e-01,0.000000e+00,9.300000e-01,mat_only,3.260000e+01,5.300000e+01,7.830000e+01,0.000000e+00,0.000000e+00,0.000000e+00,3.880000e+01,5.300000e+00,9.200000e+01,0.000000e+00,0.000000e+00,0.000000e+00,3.890000e+01,5.300000e+00,9.200000e+01,0.000000e+00,0.000000e+00,0.000000e+00,3.260000e+01,5.300000e+01,7.830000e+01,0.000000e+00,0.000000e+00,0.000000e+00
174,1.024300e+00,9.042100e-01,9.046600e-01,1.023900e+00,7.300000e-01,0.000000e+00,9.400000e-01,mat_only,3.290000e+01,5.100000e+01,7.950000e+01,0.000000e+00,0.000000e+00,0.000000e+00,3.880000e+01,5.100000e+00,9.200000e+01,0.000000e+00,0.000000e+00,0.000000e+00,3.880000e+01,5.100000e+00,9.200000e+01,0.000000e+00,0.000000e+00,0.000000e+00,3.290000e+01,5.100000e+01,7.950000e+01,0.000000e+00,0.000000e+00,0.000000e+00
175,1.024900e+00,9.166400e-01,9.170700e-01,1.024600e+00,7.100000e-01,0.000000e+00,9.500000e-01,mat_only,3.370000e+01,4.880000e+01,8.050000e+01,0.000000e+00,0.000000e+00,0.000000e+00,3.910000e+01,4.800000e+00,9.190000e+01,0.000000e+00,0.000000e+00,0.000000e+00,3.920000e+01,4.800000e+00,9.190000e+01,0.000000e+00,0.000000e+00,0.000000e+00,3.360000e+01,4.890000e+01,8.050000e+01,0.000000e+00,0.000000e+00,0.000000e+00
176,1.025500e+00,9.284500e-01,9.288700e-01,1.025100e+00,7.000000e-01,0.000000e+00,9.600000e-01,mat_only,3.480000e+01,4.670000e+01,8.130000e+01,0.000000e+00,0.000000e+00,0.000000e+00,3.990000e+01,4.600000e+00,9.160000e+01,0.000000e+00,0.000000e+00,0.000000e+00,4.000000e+01,4.600000e+00,9.150000e+01,0.000000e+00,0.000000e+00,0.000000e+00,3.480000e+01,4.670000e+01,8.130000e+01,0.000000e+00,0.000000e+00,0.000000e+00
177,1.026200e+00,9.394400e-01,9.398500e-01,1.025800e+00,6.800000e-01,0.000000e+00,9.700000e-01,mat_only,3.630000e+01,4.460000e+01,8.180000e+01,0.000000e+00,0.000000e+00,0.000000e+00,4.110000e+01,4.300000e+00,9.100000e+01,0.000000e+00,0.000000e+00,0.000000e+00,4.120000e+01,4.300000e+00,9.100000e+01,0.000000e+00,0.000000e+00,0.000000e+00,3.630000e+01,4.460000e+01,8.180000e+01,0.000000e+00,0.000000e+00,0.000000e+00
178,1.026300e+00,9.494500e-01,9.498500e-01,1.025900e+00,6.600000e-01,0.000000e+00,9.800000e-01,mat_only,3.820000e+01,4.250000e+01,8.210000e+01,0.000000e+00,0.000000e+00,0.000000e+00,4.280000e+01,4.200000e+00,9.030000e+01,0.000000e+00,0.000000e+00,0.000000e+00,4.280000e+01,4.200000e+00,9.030000e+01,0.000000e+00,0.000000e+00,0.000000e+00,3.820000e+01,4.250000e+01,8.210000e+01,0.000000e+00,0.000000e+00,0.000000e+00
179,1.026300e+00,9.586500e-01,9.590400e-01,1.026000e+00,6.300000e-01,0.000000e+00,1.000000e+00,mat_only,4.060000e+01,4.030000e+01,8.200000e+01,0.000000e+00,0.000000e+00,0.000000e+00,4.480000e+01,4.000000e+00,8.930000e+01,0.000000e+00,0.000000e+00,0.000000e+00,4.480000e+01,4.000000e+00,8.930000e+01,0.000000e+00,0.000000e+00,0.000000e+00,4.050000e+01,4.030000e+01,8.200000e+01,0.000000e+00,0.000000e+00,0.000000e+00
180,1.026200e+00,9.672800e-01,9.676600e-01,1.025900e+00,6.000000e-01,0.000000e+00,1.010000e+00,mat_only,4.330000e+01,3.810000e+01,8.160000e+01,0.000000e+00,0.000000e+00,0.000000e+00,4.730000e+01,3.800000e+00,8.800000e+01,0.000000e+00,0.000000e+00,0.000000e+00,4.730000e+01,3.800000e+00,8.800000e+01,0.000000e+00,0.000000e+00,0.000000e+00,4.330000e+01,3.820000e+01,8.170000e+01,0.000000e+00,0.000000e+00,0.000000e+00
181,1.025700e+00,9.748700e-01,9.752300e-01,1.025300e+00,5.600000e-01,0.000000e+00,1.030000e+00,mat_only,4.660000e+01,3.600000e+01,8.080000e+01,0.000000e+00,0.000000e+00,0.000000e+00,5.030000e+01,3.800000e+00,8.640000e+01,0.000000e+00,0.000000e+00,0.000000e+00,5.030000e+01,3.800000e+00,8.630000e+01,0.000000e+00,0.000000e+00,0.000000e+00,4.660000e+01,3.600000e+01,8.080000e+01,0.000000e+00,0.000000e+00,0.000000e+00
182,1.025100e+00,9.820200e-01,9.823700e-01,1.024800e+00,5.000000e-01,0.000000e+00,1.050000e+00,mat_only,5.050000e+01,3.370000e+01,7.950000e+01,0.000000e+00,0.000000e+00,0.000000e+00,5.390000e+01,3.600000e+00,8.420000e+01,0.000000e+00,0.000000e+00,0.000000e+00,5.390000e+01,3.600000e+00,8.420000e+01,0.000000e+00,0.000000e+00,0.000000e+00,5.050000e+01,3.370000e+01,7.950000e+01,0.000000e+00,0.000000e+00,0.000000e+00
