trigger_idx,full_rel_err,fc_rel_err,directional_ratio,deriv_agreement,full_comp_x_pct,full_comp_y_pct,full_comp_z_pct,full_comp_tx_pct,full_comp_ty_pct,full_comp_tz_pct,fc_comp_x_pct,fc_comp_y_pct,fc_comp_z_pct,fc_comp_tx_pct,fc_comp_ty_pct,fc_comp_tz_pct
0,1.000000e+00,7.400500e-01,1.000001e+00,2.541800e-02,2.200000e+01,9.000000e+00,9.700000e+01,0.000000e+00,1.000000e+00,0.000000e+00,9.400000e+01,3.200000e+01,1.000000e+01,0.000000e+00,0.000000e+00,0.000000e+00
1,1.000100e+00,8.534400e-01,1.000003e+00,1.602000e-01,2.600000e+01,7.000000e+00,9.600000e+01,1.000000e+00,2.000000e+00,0.000000e+00,9.600000e+01,1.900000e+01,2.200000e+01,0.000000e+00,0.000000e+00,0.000000e+00
2,1.000000e+00,8.475000e-01,1.000001e+00,1.519800e-01,2.500000e+01,8.000000e+00,9.700000e+01,0.000000e+00,1.000000e+00,0.000000e+00,9.500000e+01,1.900000e+01,2.300000e+01,0.000000e+00,0.000000e+00,0.000000e+00
3,1.000200e+00,1.621200e+00,1.000001e+00,7.330100e-01,2.700000e+01,5.000000e+00,9.600000e+01,1.000000e+00,2.000000e+00,0.000000e+00,9.500000e+01,2.300000e+01,2.200000e+01,0.000000e+00,0.000000e+00,0.000000e+00
4,1.000100e+00,1.627400e+00,9.999930e-01,7.360100e-01,2.700000e+01,8.000000e+00,9.600000e+01,1.000000e+00,2.000000e+00,0.000000e+00,9.500000e+01,2.300000e+01,1.900000e+01,0.000000e+00,0.000000e+00,0.000000e+00
5,1.000000e+00,4.311400e-01,9.999970e-01,2.261900e-01,2.700000e+01,8.000000e+00,9.600000e+01,0.000000e+00,1.000000e+00,0.000000e+00,9.100000e+01,1.700000e+01,3.700000e+01,0.000000e+00,0.000000e+00,0.000000e+00
6,1.000000e+00,4.308800e-01,1.000001e+00,2.243800e-01,2.500000e+01,7.000000e+00,9.600000e+01,0.000000e+00,1.000000e+00,0.000000e+00,9.100000e+01,1.900000e+01,3.700000e+01,0.000000e+00,0.000000e+00,0.000000e+00
7,1.000300e+00,1.106500e+00,1.000000e+00,1.354000e-01,2.700000e+01,7.000000e+00,9.600000e+01,1.000000e+00,2.000000e+00,0.000000e+00,8.600000e+01,1.100000e+01,5.000000e+01,0.000000e+00,0.000000e+00,0.000000e+00
8,1.000100e+00,1.124100e+00,9.999950e-01,1.617100e-01,3.000000e+01,7.000000e+00,9.500000e+01,1.000000e+00,2.000000e+00,0.000000e+00,8.700000e+01,1.100000e+01,4.800000e+01,0.000000e+00,0.000000e+00,0.000000e+00
9,1.000000e+00,5.246200e-01,1.000001e+00,2.876900e-01,3.100000e+01,8.000000e+00,9.500000e+01,0.000000e+00,1.000000e+00,0.000000e+00,9.100000e+01,2.400000e+01,3.400000e+01,0.000000e+00,0.000000e+00,0.000000e+00
10,1.000000e+00,5.165100e-01,1.000001e+00,2.886400e-01,3.200000e+01,7.000000e+00,9.400000e+01,0.000000e+00,1.000000e+00,0.000000e+00,9.100000e+01,2.300000e+01,3.500000e+01,0.000000e+00,0.000000e+00,0.000000e+00
11,1.000000e+00,4.686200e-01,9.999990e-01,3.611600e-02,3.200000e+01,7.000000e+00,9.400000e+01,0.000000e+00,1.000000e+00,0.000000e+00,9.000000e+01,3.100000e+01,3.000000e+01,0.000000e+00,0.000000e+00,0.000000e+00
12,1.000000e+00,5.208600e-01,1.000002e+00,4.974600e-02,3.200000e+01,7.000000e+00,9.500000e+01,0.000000e+00,1.000000e+00,0.000000e+00,9.200000e+01,2.600000e+01,2.800000e+01,0.000000e+00,0.000000e+00,0.000000e+00
13,1.000000e+00,5.180700e-01,1.000001e+00,4.592000e-02,3.100000e+01,8.000000e+00,9.500000e+01,0.000000e+00,1.000000e+00,0.000000e+00,9.200000e+01,2.700000e+01,2.700000e+01,0.000000e+00,0.000000e+00,0.000000e+00
14,1.000000e+00,5.260800e-01,9.999980e-01,9.367800e-02,3.500000e+01,7.000000e+00,9.400000e+01,0.000000e+00,1.000000e+00,0.000000e+00,7.700000e+01,5.600000e+01,3.100000e+01,0.000000e+00,0.000000e+00,0.000000e+00
15,1.000100e+00,8.122400e-01,1.000001e+00,3.407800e-01,3.400000e+01,6.000000e+00,9.400000e+01,0.000000e+00,2.000000e+00,0.000000e+00,9.700000e+01,1.800000e+01,1.600000e+01,0.000000e+00,0.000000e+00,0.000000e+00
16,1.000100e+00,8.094900e-01,1.000010e+00,3.393200e-01,3.600000e+01,6.000000e+00,9.300000e+01,0.000000e+00,2.000000e+00,0.000000e+00,9.700000e+01,1.800000e+01,1.600000e+01,0.000000e+00,0.000000e+00,0.000000e+00
17,1.000100e+00,7.066100e-01,9.999990e-01,8.187900e-02,3.400000e+01,6.000000e+00,9.400000e+01,1.000000e+00,2.000000e+00,0.000000e+00,8.700000e+01,4.400000e+01,2.200000e+01,0.000000e+00,0.000000e+00,0.000000e+00
18,1.000000e+00,6.990200e-01,1.000002e+00,7.975800e-02,3.500000e+01,8.000000e+00,9.300000e+01,0.000000e+00,2.000000e+00,0.000000e+00,8.700000e+01,4.300000e+01,2.300000e+01,0.000000e+00,0.000000e+00,0.000000e+00
19,1.001500e+00,9.721500e-01,1.000008e+00,1.009300e+00,3.700000e+01,8.000000e+00,9.200000e+01,2.000000e+00,5.000000e+00,0.000000e+00,4.200000e+01,1.100000e+01,9.000000e+01,0.000000e+00,0.000000e+00,0.000000e+00
20,1.000400e+00,1.009600e+00,1.000003e+00,9.078300e-01,3.900000e+01,9.000000e+00,9.200000e+01,2.000000e+00,3.000000e+00,0.000000e+00,6.100000e+01,7.000000e+01,3.700000e+01,0.000000e+00,0.000000e+00,0.000000e+00
21,1.000000e+00,1.030500e+00,1.000000e+00,1.024800e+00,4.500000e+01,6.000000e+00,8.900000e+01,0.000000e+00,1.000000e+00,0.000000e+00,4.600000e+01,8.700000e+01,1.800000e+01,0.000000e+00,0.000000e+00,0.000000e+00
22,1.006100e+00,1.037900e+00,1.000000e+00,6.678800e-01,3.800000e+01,9.000000e+00,9.200000e+01,3.000000e+00,1.100000e+01,0.000000e+00,6.700000e+01,6.700000e+01,3.300000e+01,0.000000e+00,0.000000e+00,0.000000e+00
23,1.000500e+00,1.086800e+00,1.000001e+00,1.004000e+00,4.500000e+01,1.100000e+01,8.800000e+01,1.000000e+00,3.000000e+00,0.000000e+00,7.600000e+01,5.500000e+01,3.600000e+01,0.000000e+00,0.000000e+00,0.000000e+00
24,1.000100e+00,1.095700e+00,1.000000e+00,1.004700e+00,4.000000e+01,8.000000e+00,9.100000e+01,0.000000e+00,2.000000e+00,0.000000e+00,7.600000e+01,5.500000e+01,3.500000e+01,0.000000e+00,0.000000e+00,0.000000e+00
25,1.035500e+00,1.004300e+00,9.999990e-01,8.955700e-01,3.700000e+01,1.000000e+01,8.800000e+01,1.700000e+01,2.000000e+01,3.000000e+00,3.600000e+01,9.100000e+01,2.100000e+01,0.000000e+00,0.000000e+00,0.000000e+00
26,1.001100e+00,1.020900e+00,1.000000e+00,1.002000e+00,6.000000e+01,3.700000e+01,7.100000e+01,2.000000e+00,4.000000e+00,0.000000e+00,5.100000e+01,8.200000e+01,2.600000e+01,0.000000e+00,0.000000e+00,0.000000e+00
27,1.000500e+00,1.033900e+00,1.000000e+00,1.001500e+00,4.200000e+01,2.500000e+01,8.700000e+01,1.000000e+00,2.000000e+00,0.000000e+00,4.900000e+01,8.100000e+01,3.300000e+01,0.000000e+00,0.000000e+00,0.000000e+00
28,1.000300e+00,1.036700e+00,1.000000e+00,9.546400e-01,3.900000e+01,9.000000e+00,9.100000e+01,1.000000e+00,3.000000e+00,0.000000e+00,5.000000e+01,8.100000e+01,3.100000e+01,0.000000e+00,0.000000e+00,0.000000e+00
29,1.000300e+00,1.037300e+00,1.000000e+00,9.558200e-01,4.200000e+01,8.000000e+00,9.000000e+01,1.000000e+00,2.000000e+00,0.000000e+00,5.000000e+01,8.100000e+01,3.100000e+01,0.000000e+00,0.000000e+00,0.000000e+00
30,1.000400e+00,1.037900e+00,1.000000e+00,9.570200e-01,3.900000e+01,9.000000e+00,9.100000e+01,2.000000e+00,3.000000e+00,0.000000e+00,5.000000e+01,8.100000e+01,3.100000e+01,0.000000e+00,0.000000e+00,0.000000e+00
31,1.000400e+00,1.038400e+00,1.000000e+00,9.581300e-01,3.700000e+01,8.000000e+00,9.200000e+01,1.000000e+00,3.000000e+00,0.000000e+00,5.000000e+01,8.100000e+01,3.100000e+01,0.000000e+00,0.000000e+00,0.000000e+00
32,1.000300e+00,1.038800e+00,1.000000e+00,9.591400e-01,3.900000e+01,8.000000e+00,9.200000e+01,1.000000e+00,2.000000e+00,0.000000e+00,5.000000e+01,8.100000e+01,3.100000e+01,0.000000e+00,0.000000e+00,0.000000e+00
33,1.000200e+00,1.039400e+00,1.000000e+00,9.600600e-01,3.700000e+01,8.000000e+00,9.200000e+01,1.000000e+00,2.000000e+00,0.000000e+00,5.100000e+01,8.000000e+01,3.100000e+01,0.000000e+00,0.000000e+00,0.000000e+00
34,1.000200e+00,1.039800e+00,1.000000e+00,9.609100e-01,3.600000e+01,7.000000e+00,9.300000e+01,1.000000e+00,2.000000e+00,0.000000e+00,5.100000e+01,8.000000e+01,3.100000e+01,0.000000e+00,0.000000e+00,0.000000e+00
35,1.000200e+00,1.040200e+00,1.000000e+00,9.616800e-01,3.900000e+01,8.000000e+00,9.200000e+01,1.000000e+00,2.000000e+00,0.000000e+00,5.100000e+01,8.000000e+01,3.100000e+01,0.000000e+00,0.000000e+00,0.000000e+00
36,1.000200e+00,1.040800e+00,1.000000e+00,9.623700e-01,3.600000e+01,8.000000e+00,9.300000e+01,1.000000e+00,2.000000e+00,0.000000e+00,5.100000e+01,8.000000e+01,3.100000e+01,0.000000e+00,0.000000e+00,0.000000e+00
37,1.000100e+00,1.041100e+00,1.000000e+00,9.630200e-01,3.900000e+01,8.000000e+00,9.200000e+01,1.000000e+00,2.000000e+00,0.000000e+00,5.100000e+01,8.000000e+01,3.100000e+01,0.000000e+00,0.000000e+00,0.000000e+00
38,1.000200e+00,1.041500e+00,1.000000e+00,9.636000e-01,3.900000e+01,8.000000e+00,9.200000e+01,1.000000e+00,2.000000e+00,0.000000e+00,5.200000e+01,8.000000e+01,3.100000e+01,0.000000e+00,0.000000e+00,0.000000e+00
39,1.000100e+00,1.042000e+00,1.000000e+00,9.641100e-01,4.000000e+01,6.000000e+00,9.100000e+01,1.000000e+00,2.000000e+00,0.000000e+00,5.200000e+01,8.000000e+01,3.100000e+01,0.000000e+00,0.000000e+00,0.000000e+00
40,1.000100e+00,1.042300e+00,1.000000e+00,9.645900e-01,3.700000e+01,7.000000e+00,9.200000e+01,1.000000e+00,2.000000e+00,0.000000e+00,5.200000e+01,8.000000e+01,3.100000e+01,0.000000e+00,0.000000e+00,0.000000e+00
41,1.000100e+00,1.042600e+00,1.000000e+00,9.650200e-01,4.100000e+01,8.000000e+00,9.100000e+01,1.000000e+00,2.000000e+00,0.000000e+00,5.200000e+01,8.000000e+01,3.100000e+01,0.000000e+00,0.000000e+00,0.000000e+00
42,1.000100e+00,1.043100e+00,1.000000e+00,9.653900e-01,4.000000e+01,8.000000e+00,9.100000e+01,1.000000e+00,2.000000e+00,0.000000e+00,5.200000e+01,7.900000e+01,3.100000e+01,0.000000e+00,0.000000e+00,0.000000e+00
43,1.000100e+00,1.043400e+00,1.000000e+00,9.657500e-01,3.800000e+01,7.000000e+00,9.200000e+01,1.000000e+00,2.000000e+00,0.000000e+00,5.300000e+01,7.900000e+01,3.100000e+01,0.000000e+00,0.000000e+00,0.000000e+00
44,1.000100e+00,1.043600e+00,1.000000e+00,9.660500e-01,3.900000e+01,7.000000e+00,9.200000e+01,1.000000e+00,2.000000e+00,0.000000e+00,5.300000e+01,7.900000e+01,3.100000e+01,0.000000e+00,0.000000e+00,0.000000e+00
45,1.000100e+00,1.044100e+00,1.000000e+00,9.663100e-01,4.000000e+01,5.000000e+00,9.200000e+01,1.000000e+00,2.000000e+00,0.000000e+00,5.300000e+01,7.900000e+01,3.100000e+01,0.000000e+00,0.000000e+00,0.000000e+00
46,1.000100e+00,1.044400e+00,1.000000e+00,9.665600e-01,3.500000e+01,6.000000e+00,9.400000e+01,1.000000e+00,2.000000e+00,0.000000e+00,5.300000e+01,7.900000e+01,3.100000e+01,0.000000e+00,0.000000e+00,0.000000e+00
47,1.000400e+00,8.761000e-01,1.000003e+00,1.009100e+00,3.700000e+01,9.000000e+00,9.200000e+01,0.000000e+00,3.000000e+00,0.000000e+00,6.500000e+01,2.100000e+01,7.300000e+01,0.000000e+00,0.000000e+00,0.000000e+00
48,9.999100e-01,1.028400e+00,1.000015e+00,9.967300e-01,5.300000e+01,7.000000e+00,8.400000e+01,0.000000e+00,1.000000e+00,0.000000e+00,6.300000e+01,4.700000e+01,6.200000e+01,0.000000e+00,0.000000e+00,0.000000e+00
49,1.000300e+00,1.394900e+00,1.000000e+00,3.804600e-01,4.100000e+01,7.000000e+00,9.100000e+01,0.000000e+00,3.000000e+00,0.000000e+00,7.500000e+01,3.400000e+01,5.700000e+01,0.000000e+00,0.000000e+00,0.000000e+00
50,9.999400e-01,1.192000e+00,1.000006e+00,1.001900e+00,4.800000e+01,1.100000e+01,8.700000e+01,0.000000e+00,2.000000e+00,0.000000e+00,8.200000e+01,4.900000e+01,3.000000e+01,0.000000e+00,0.000000e+00,0.000000e+00
51,1.000900e+00,1.146700e+00,1.000002e+00,2.949900e-01,3.800000e+01,6.000000e+00,9.200000e+01,1.000000e+00,4.000000e+00,0.000000e+00,7.600000e+01,5.400000e+01,3.600000e+01,0.000000e+00,0.000000e+00,0.000000e+00
52,1.000100e+00,1.168900e+00,1.000011e+00,1.000800e+00,5.600000e+01,1.400000e+01,8.200000e+01,0.000000e+00,2.000000e+00,0.000000e+00,8.100000e+01,5.100000e+01,2.800000e+01,0.000000e+00,0.000000e+00,0.000000e+00
53,1.001600e+00,1.112800e+00,1.000000e+00,1.873800e-01,4.100000e+01,7.000000e+00,9.100000e+01,2.000000e+00,6.000000e+00,0.000000e+00,6.800000e+01,6.600000e+01,3.000000e+01,0.000000e+00,0.000000e+00,0.000000e+00
54,1.000300e+00,1.200600e+00,1.000010e+00,1.001200e+00,6.100000e+01,1.800000e+01,7.700000e+01,0.000000e+00,2.000000e+00,0.000000e+00,8.100000e+01,5.100000e+01,3.000000e+01,0.000000e+00,0.000000e+00,0.000000e+00
55,1.002200e+00,1.052200e+00,1.000000e+00,4.284900e-01,3.800000e+01,8.000000e+00,9.200000e+01,3.000000e+00,6.000000e+00,0.000000e+00,5.100000e+01,8.300000e+01,2.300000e+01,0.000000e+00,0.000000e+00,0.000000e+00
56,1.000500e+00,1.143700e+00,1.000004e+00,1.001000e+00,6.500000e+01,1.700000e+01,7.400000e+01,0.000000e+00,2.000000e+00,0.000000e+00,7.800000e+01,5.600000e+01,2.800000e+01,0.000000e+00,0.000000e+00,0.000000e+00
57,1.354500e+00,1.660500e+00,9.999920e-01,9.979900e-01,3.000000e+01,5.000000e+00,6.700000e+01,1.200000e+01,6.600000e+01,2.000000e+00,9.800000e+01,6.000000e+00,1.700000e+01,0.000000e+00,0.000000e+00,0.000000e+00
58,1.000100e+00,1.141100e+00,9.999960e-01,1.083600e+00,3.900000e+01,8.000000e+00,9.200000e+01,0.000000e+00,2.000000e+00,0.000000e+00,8.300000e+01,4.500000e+01,3.400000e+01,0.000000e+00,0.000000e+00,0.000000e+00
59,1.000000e+00,1.210300e+00,9.999920e-01,1.000700e+00,3.900000e+01,7.000000e+00,9.200000e+01,0.000000e+00,2.000000e+00,0.000000e+00,7.400000e+01,4.600000e+01,4.900000e+01,0.000000e+00,0.000000e+00,0.000000e+00
60,1.000100e+00,1.250400e+00,1.000004e+00,6.974400e-01,4.000000e+01,7.000000e+00,9.100000e+01,0.000000e+00,2.000000e+00,0.000000e+00,7.100000e+01,4.100000e+01,5.700000e+01,0.000000e+00,0.000000e+00,0.000000e+00
61,1.000100e+00,1.281300e+00,9.999960e-01,9.688900e-01,3.800000e+01,6.000000e+00,9.200000e+01,0.000000e+00,2.000000e+00,0.000000e+00,7.200000e+01,3.900000e+01,5.700000e+01,0.000000e+00,0.000000e+00,0.000000e+00
62,1.000200e+00,1.320500e+00,1.000000e+00,9.778300e-01,3.400000e+01,7.000000e+00,9.400000e+01,0.000000e+00,3.000000e+00,0.000000e+00,7.400000e+01,3.700000e+01,5.700000e+01,0.000000e+00,0.000000e+00,0.000000e+00
63,1.000200e+00,1.371000e+00,1.000003e+00,9.856800e-01,3.700000e+01,8.000000e+00,9.200000e+01,0.000000e+00,3.000000e+00,0.000000e+00,7.600000e+01,3.500000e+01,5.500000e+01,0.000000e+00,0.000000e+00,0.000000e+00
64,1.000700e+00,1.444200e+00,1.000001e+00,9.926400e-01,3.800000e+01,7.000000e+00,9.200000e+01,0.000000e+00,4.000000e+00,0.000000e+00,7.900000e+01,3.100000e+01,5.200000e+01,0.000000e+00,0.000000e+00,0.000000e+00
65,1.000300e+00,1.600200e+00,1.000024e+00,9.979400e-01,4.100000e+01,8.000000e+00,9.100000e+01,0.000000e+00,3.000000e+00,0.000000e+00,8.700000e+01,2.400000e+01,4.200000e+01,0.000000e+00,0.000000e+00,0.000000e+00
66,1.003200e+00,1.486400e+00,1.000006e+00,1.005900e+00,3.600000e+01,8.000000e+00,9.300000e+01,0.000000e+00,8.000000e+00,0.000000e+00,8.200000e+01,2.900000e+01,5.000000e+01,0.000000e+00,0.000000e+00,0.000000e+00
67,1.000000e+00,1.424400e+00,1.000013e+00,1.000600e+00,4.200000e+01,7.000000e+00,9.000000e+01,0.000000e+00,1.000000e+00,0.000000e+00,8.700000e+01,4.400000e+01,2.300000e+01,0.000000e+00,0.000000e+00,0.000000e+00
68,1.001500e+00,1.566800e+00,1.000003e+00,1.075100e+00,4.200000e+01,7.000000e+00,9.000000e+01,0.000000e+00,6.000000e+00,0.000000e+00,9.400000e+01,2.600000e+01,2.400000e+01,0.000000e+00,0.000000e+00,0.000000e+00
69,1.208600e+00,1.484700e+00,9.999950e-01,9.319100e-01,3.100000e+01,7.000000e+00,7.600000e+01,3.000000e+00,5.600000e+01,0.000000e+00,9.300000e+01,3.000000e+01,2.100000e+01,0.000000e+00,0.000000e+00,0.000000e+00
70,1.000200e+00,1.097700e+00,1.000001e+00,1.031500e+00,3.800000e+01,8.000000e+00,9.200000e+01,0.000000e+00,3.000000e+00,0.000000e+00,7.900000e+01,4.900000e+01,3.600000e+01,0.000000e+00,0.000000e+00,0.000000e+00
71,1.000200e+00,1.098100e+00,1.000001e+00,2.989600e-01,3.600000e+01,8.000000e+00,9.300000e+01,0.000000e+00,2.000000e+00,0.000000e+00,7.900000e+01,4.900000e+01,3.700000e+01,0.000000e+00,0.000000e+00,0.000000e+00
72,1.000200e+00,1.098900e+00,1.000003e+00,3.001200e-01,3.900000e+01,6.000000e+00,9.200000e+01,0.000000e+00,3.000000e+00,0.000000e+00,7.900000e+01,4.900000e+01,3.700000e+01,0.000000e+00,0.000000e+00,0.000000e+00
73,1.000100e+00,1.099500e+00,9.999990e-01,3.020000e-01,3.300000e+01,6.000000e+00,9.400000e+01,0.000000e+00,2.000000e+00,0.000000e+00,7.900000e+01,4.900000e+01,3.700000e+01,0.000000e+00,0.000000e+00,0.000000e+00
74,1.000100e+00,1.099700e+00,1.000001e+00,3.046700e-01,4.100000e+01,8.000000e+00,9.100000e+01,0.000000e+00,2.000000e+00,0.000000e+00,7.900000e+01,4.800000e+01,3.700000e+01,0.000000e+00,0.000000e+00,0.000000e+00
75,1.000200e+00,1.100600e+00,1.000000e+00,3.063300e-01,3.700000e+01,7.000000e+00,9.300000e+01,0.000000e+00,2.000000e+00,0.000000e+00,7.900000e+01,4.800000e+01,3.700000e+01,0.000000e+00,0.000000e+00,0.000000e+00
76,1.000300e+00,1.101200e+00,1.000003e+00,3.094700e-01,3.900000e+01,6.000000e+00,9.200000e+01,0.000000e+00,3.000000e+00,0.000000e+00,7.900000e+01,4.800000e+01,3.700000e+01,0.000000e+00,0.000000e+00,0.000000e+00
77,1.000200e+00,1.102000e+00,1.000002e+00,3.133000e-01,3.600000e+01,7.000000e+00,9.300000e+01,0.000000e+00,2.000000e+00,0.000000e+00,7.900000e+01,4.800000e+01,3.800000e+01,0.000000e+00,0.000000e+00,0.000000e+00
78,1.000100e+00,1.103200e+00,1.000001e+00,3.170000e-01,3.700000e+01,8.000000e+00,9.300000e+01,0.000000e+00,2.000000e+00,0.000000e+00,7.900000e+01,4.800000e+01,3.800000e+01,0.000000e+00,0.000000e+00,0.000000e+00
79,1.000100e+00,6.797800e-01,1.000007e+00,6.933900e-01,4.000000e+01,7.000000e+00,9.100000e+01,1.000000e+00,2.000000e+00,0.000000e+00,8.200000e+01,1.800000e+01,5.400000e+01,0.000000e+00,0.000000e+00,0.000000e+00
80,1.000200e+00,1.115200e+00,1.000003e+00,7.747900e-01,4.200000e+01,8.000000e+00,9.100000e+01,0.000000e+00,2.000000e+00,0.000000e+00,7.800000e+01,4.800000e+01,4.000000e+01,0.000000e+00,0.000000e+00,0.000000e+00
81,1.000200e+00,1.111000e+00,1.000002e+00,8.093600e-01,3.900000e+01,7.000000e+00,9.200000e+01,0.000000e+00,2.000000e+00,0.000000e+00,7.800000e+01,4.800000e+01,3.900000e+01,0.000000e+00,0.000000e+00,0.000000e+00
82,1.000200e+00,1.107400e+00,9.999990e-01,7.928000e-01,3.600000e+01,7.000000e+00,9.300000e+01,0.000000e+00,2.000000e+00,0.000000e+00,7.800000e+01,4.900000e+01,3.900000e+01,0.000000e+00,0.000000e+00,0.000000e+00
83,1.000100e+00,1.104500e+00,1.000003e+00,7.780200e-01,3.800000e+01,7.000000e+00,9.200000e+01,0.000000e+00,2.000000e+00,0.000000e+00,7.800000e+01,4.900000e+01,3.900000e+01,0.000000e+00,0.000000e+00,0.000000e+00
84,1.000100e+00,1.101700e+00,9.999960e-01,7.648100e-01,4.000000e+01,8.000000e+00,9.100000e+01,0.000000e+00,2.000000e+00,0.000000e+00,7.800000e+01,4.900000e+01,3.900000e+01,0.000000e+00,0.000000e+00,0.000000e+00
85,1.000100e+00,1.099800e+00,1.000004e+00,7.527500e-01,4.200000e+01,7.000000e+00,9.100000e+01,0.000000e+00,2.000000e+00,0.000000e+00,7.800000e+01,4.900000e+01,3.800000e+01,0.000000e+00,0.000000e+00,0.000000e+00
86,1.000100e+00,1.098000e+00,9.999960e-01,7.421300e-01,3.900000e+01,7.000000e+00,9.200000e+01,0.000000e+00,2.000000e+00,0.000000e+00,7.800000e+01,4.900000e+01,3.800000e+01,0.000000e+00,0.000000e+00,0.000000e+00
87,1.000100e+00,1.096000e+00,9.999960e-01,7.324900e-01,3.900000e+01,7.000000e+00,9.200000e+01,0.000000e+00,2.000000e+00,0.000000e+00,7.800000e+01,5.000000e+01,3.800000e+01,0.000000e+00,0.000000e+00,0.000000e+00
88,1.000100e+00,1.095100e+00,9.999930e-01,7.236300e-01,4.000000e+01,7.000000e+00,9.100000e+01,0.000000e+00,2.000000e+00,0.000000e+00,7.800000e+01,5.000000e+01,3.800000e+01,0.000000e+00,0.000000e+00,0.000000e+00
89,1.000100e+00,1.093700e+00,9.999980e-01,7.159900e-01,4.200000e+01,6.000000e+00,9.000000e+01,0.000000e+00,2.000000e+00,0.000000e+00,7.800000e+01,5.000000e+01,3.800000e+01,0.000000e+00,0.000000e+00,0.000000e+00
90,1.000100e+00,1.092600e+00,1.000004e+00,7.088900e-01,3.800000e+01,7.000000e+00,9.200000e+01,0.000000e+00,2.000000e+00,0.000000e+00,7.800000e+01,5.000000e+01,3.800000e+01,0.000000e+00,0.000000e+00,0.000000e+00
91,1.000000e+00,1.127700e+00,1.000000e+00,1.040400e-01,4.100000e+01,7.000000e+00,9.100000e+01,0.000000e+00,2.000000e+00,0.000000e+00,6.200000e+01,7.400000e+01,2.600000e+01,0.000000e+00,0.000000e+00,0.000000e+00
92,1.000000e+00,1.133700e+00,1.000001e+00,1.355400e-01,4.000000e+01,6.000000e+00,9.100000e+01,0.000000e+00,2.000000e+00,0.000000e+00,6.300000e+01,7.400000e+01,2.600000e+01,0.000000e+00,0.000000e+00,0.000000e+00
93,1.000000e+00,1.138500e+00,9.999970e-01,1.440800e-01,3.900000e+01,8.000000e+00,9.200000e+01,0.000000e+00,2.000000e+00,0.000000e+00,6.300000e+01,7.400000e+01,2.600000e+01,0.000000e+00,0.000000e+00,0.000000e+00
94,1.000000e+00,1.148100e+00,9.999990e-01,1.607500e-01,3.900000e+01,6.000000e+00,9.200000e+01,0.000000e+00,2.000000e+00,0.000000e+00,6.400000e+01,7.300000e+01,2.600000e+01,0.000000e+00,0.000000e+00,0.000000e+00
95,1.002500e+00,1.707200e+00,1.000018e+00,1.001600e+00,5.200000e+01,1.200000e+01,8.400000e+01,1.000000e+00,7.000000e+00,0.000000e+00,9.200000e+01,6.000000e+00,3.900000e+01,0.000000e+00,0.000000e+00,0.000000e+00
96,1.006200e+00,1.089100e+00,1.000001e+00,1.055600e+00,4.200000e+01,1.000000e+01,9.000000e+01,2.000000e+00,1.100000e+01,0.000000e+00,8.000000e+01,4.900000e+01,3.500000e+01,0.000000e+00,0.000000e+00,0.000000e+00
97,1.001500e+00,1.080600e+00,1.000005e+00,1.003300e+00,5.700000e+01,2.100000e+01,8.000000e+01,1.000000e+00,5.000000e+00,0.000000e+00,7.500000e+01,5.300000e+01,3.900000e+01,0.000000e+00,0.000000e+00,0.000000e+00
98,1.000200e+00,1.084500e+00,9.999970e-01,1.002400e+00,4.300000e+01,1.100000e+01,9.000000e+01,0.000000e+00,2.000000e+00,0.000000e+00,7.600000e+01,5.400000e+01,3.600000e+01,0.000000e+00,0.000000e+00,0.000000e+00
99,1.000200e+00,1.085100e+00,1.000000e+00,8.632200e-01,4.100000e+01,7.000000e+00,9.100000e+01,0.000000e+00,2.000000e+00,0.000000e+00,7.600000e+01,5.400000e+01,3.600000e+01,0.000000e+00,0.000000e+00,0.000000e+00
100,1.000100e+00,1.085200e+00,1.000000e+00,8.629300e-01,4.200000e+01,6.000000e+00,9.100000e+01,0.000000e+00,3.000000e+00,0.000000e+00,7.600000e+01,5.400000e+01,3.600000e+01,0.000000e+00,0.000000e+00,0.000000e+00
101,1.000100e+00,1.085100e+00,1.000000e+00,8.627000e-01,3.900000e+01,7.000000e+00,9.200000e+01,0.000000e+00,2.000000e+00,0.000000e+00,7.600000e+01,5.400000e+01,3.600000e+01,0.000000e+00,0.000000e+00,0.000000e+00
102,1.000100e+00,1.085200e+00,9.999990e-01,8.624600e-01,3.800000e+01,8.000000e+00,9.200000e+01,0.000000e+00,2.000000e+00,0.000000e+00,7.600000e+01,5.400000e+01,3.600000e+01,0.000000e+00,0.000000e+00,0.000000e+00
103,1.002200e+00,1.047100e+00,1.000000e+00,7.155200e-01,3.900000e+01,7.000000e+00,9.200000e+01,2.000000e+00,7.000000e+00,0.000000e+00,7.000000e+01,6.000000e+01,3.900000e+01,0.000000e+00,0.000000e+00,0.000000e+00
104,1.000700e+00,1.085800e+00,1.000003e+00,1.002000e+00,5.000000e+01,1.500000e+01,8.500000e+01,1.000000e+00,3.000000e+00,0.000000e+00,7.700000e+01,5.300000e+01,3.500000e+01,0.000000e+00,0.000000e+00,0.000000e+00
105,1.000100e+00,1.636200e+00,9.999980e-01,1.000200e+00,5.200000e+01,8.000000e+00,8.500000e+01,0.000000e+00,2.000000e+00,0.000000e+00,9.100000e+01,2.600000e+01,3.300000e+01,0.000000e+00,0.000000e+00,0.000000e+00
106,1.006400e+00,1.055200e+00,1.000000e+00,8.771800e-01,4.000000e+01,8.000000e+00,9.100000e+01,7.000000e+00,9.000000e+00,1.000000e+00,5.400000e+01,8.000000e+01,2.600000e+01,0.000000e+00,0.000000e+00,0.000000e+00
107,1.018100e+00,1.125700e+00,1.000000e+00,1.069000e+00,4.000000e+01,9.000000e+00,8.900000e+01,2.000000e+00,1.900000e+01,0.000000e+00,8.100000e+01,4.600000e+01,3.600000e+01,0.000000e+00,0.000000e+00,0.000000e+00
108,1.007900e+00,1.034100e+00,1.000001e+00,1.016000e+00,5.500000e+01,2.400000e+01,7.900000e+01,2.000000e+00,1.200000e+01,1.000000e+00,5.800000e+01,7.400000e+01,3.400000e+01,0.000000e+00,0.000000e+00,0.000000e+00
109,1.004000e+00,1.067100e+00,1.000000e+00,1.001400e+00,5.900000e+01,2.500000e+01,7.600000e+01,2.000000e+00,8.000000e+00,0.000000e+00,3.300000e+01,9.200000e+01,2.000000e+01,0.000000e+00,0.000000e+00,0.000000e+00
110,1.004400e+00,1.017500e+00,1.000001e+00,1.023500e+00,4.200000e+01,1.300000e+01,8.900000e+01,2.000000e+00,9.000000e+00,1.000000e+00,4.600000e+01,8.600000e+01,2.400000e+01,0.000000e+00,0.000000e+00,0.000000e+00
111,1.002400e+00,1.058500e+00,1.000000e+00,1.001800e+00,5.000000e+01,1.600000e+01,8.500000e+01,2.000000e+00,6.000000e+00,0.000000e+00,3.100000e+01,9.300000e+01,1.900000e+01,0.000000e+00,0.000000e+00,0.000000e+00
112,1.003000e+00,1.019700e+00,1.000000e+00,1.017100e+00,4.300000e+01,1.100000e+01,8.900000e+01,2.000000e+00,7.000000e+00,0.000000e+00,4.300000e+01,8.800000e+01,2.300000e+01,0.000000e+00,0.000000e+00,0.000000e+00
113,1.003200e+00,1.060400e+00,1.000000e+00,1.002100e+00,4.800000e+01,1.500000e+01,8.600000e+01,2.000000e+00,8.000000e+00,0.000000e+00,3.000000e+01,9.400000e+01,1.900000e+01,0.000000e+00,0.000000e+00,0.000000e+00
114,1.003400e+00,1.018500e+00,1.000000e+00,1.019600e+00,4.000000e+01,1.100000e+01,9.100000e+01,2.000000e+00,8.000000e+00,0.000000e+00,4.300000e+01,8.700000e+01,2.300000e+01,0.000000e+00,0.000000e+00,0.000000e+00
115,1.002800e+00,1.059500e+00,1.000000e+00,1.002000e+00,4.700000e+01,1.500000e+01,8.600000e+01,2.000000e+00,7.000000e+00,0.000000e+00,3.000000e+01,9.400000e+01,1.900000e+01,0.000000e+00,0.000000e+00,0.000000e+00
116,1.003700e+00,1.018700e+00,1.000000e+00,1.018900e+00,4.200000e+01,1.200000e+01,9.000000e+01,2.000000e+00,8.000000e+00,0.000000e+00,4.300000e+01,8.700000e+01,2.300000e+01,0.000000e+00,0.000000e+00,0.000000e+00
117,1.002900e+00,1.059800e+00,1.000000e+00,1.002000e+00,4.600000e+01,1.600000e+01,8.700000e+01,2.000000e+00,7.000000e+00,0.000000e+00,3.000000e+01,9.400000e+01,1.900000e+01,0.000000e+00,0.000000e+00,0.000000e+00
118,1.000000e+00,5.972200e-01,9.999950e-01,2.132000e-01,3.900000e+01,7.000000e+00,9.200000e+01,0.000000e+00,2.000000e+00,0.000000e+00,8.400000e+01,4.200000e+01,3.400000e+01,0.000000e+00,0.000000e+00,0.000000e+00
119,1.000100e+00,5.360500e-01,1.000001e+00,6.936800e-01,4.100000e+01,6.000000e+00,9.100000e+01,0.000000e+00,2.000000e+00,0.000000e+00,9.000000e+01,2.400000e+01,3.600000e+01,0.000000e+00,0.000000e+00,0.000000e+00
120,1.000000e+00,5.334900e-01,9.999970e-01,6.942100e-01,3.900000e+01,7.000000e+00,9.200000e+01,0.000000e+00,2.000000e+00,0.000000e+00,9.000000e+01,2.500000e+01,3.600000e+01,0.000000e+00,0.000000e+00,0.000000e+00
121,1.000300e+00,1.102700e+00,1.000002e+00,2.690300e-04,4.000000e+01,7.000000e+00,9.100000e+01,0.000000e+00,3.000000e+00,0.000000e+00,9.000000e+01,1.600000e+01,4.100000e+01,0.000000e+00,0.000000e+00,0.000000e+00
122,1.000200e+00,1.104200e+00,1.000001e+00,6.392000e-03,4.100000e+01,7.000000e+00,9.100000e+01,0.000000e+00,2.000000e+00,0.000000e+00,9.100000e+01,1.600000e+01,3.800000e+01,0.000000e+00,0.000000e+00,0.000000e+00
123,1.003600e+00,1.884000e+00,1.000011e+00,1.005800e+00,7.000000e+01,1.300000e+01,7.000000e+01,1.000000e+00,7.000000e+00,0.000000e+00,9.600000e+01,6.000000e+00,2.800000e+01,0.000000e+00,0.000000e+00,0.000000e+00
124,1.000800e+00,1.596000e+00,1.000008e+00,1.006100e+00,6.700000e+01,1.300000e+01,7.300000e+01,0.000000e+00,3.000000e+00,0.000000e+00,7.500000e+01,4.300000e+01,5.000000e+01,0.000000e+00,0.000000e+00,0.000000e+00
125,1.000000e+00,1.011300e+00,9.995450e-01,9.997700e-01,9.100000e+01,3.000000e+00,4.000000e+01,0.000000e+00,0.000000e+00,0.000000e+00,9.100000e+01,3.000000e+00,4.100000e+01,0.000000e+00,0.000000e+00,0.000000e+00
126,1.000300e+00,1.571700e+00,9.999940e-01,9.857200e-01,4.000000e+01,7.000000e+00,9.100000e+01,0.000000e+00,3.000000e+00,0.000000e+00,8.900000e+01,3.400000e+01,3.200000e+01,0.000000e+00,0.000000e+00,0.000000e+00
127,1.000300e+00,1.566200e+00,9.999950e-01,9.883000e-01,4.700000e+01,7.000000e+00,8.800000e+01,0.000000e+00,3.000000e+00,0.000000e+00,8.900000e+01,3.200000e+01,3.300000e+01,0.000000e+00,0.000000e+00,0.000000e+00
128,1.000200e+00,1.567100e+00,9.999960e-01,9.900400e-01,4.400000e+01,7.000000e+00,9.000000e+01,0.000000e+00,2.000000e+00,0.000000e+00,8.900000e+01,3.100000e+01,3.500000e+01,0.000000e+00,0.000000e+00,0.000000e+00
129,1.000300e+00,1.568200e+00,9.999950e-01,9.916000e-01,4.600000e+01,6.000000e+00,8.900000e+01,0.000000e+00,3.000000e+00,0.000000e+00,8.900000e+01,2.900000e+01,3.600000e+01,0.000000e+00,0.000000e+00,0.000000e+00
130,1.000300e+00,1.569600e+00,9.999970e-01,9.929800e-01,4.700000e+01,6.000000e+00,8.800000e+01,0.000000e+00,3.000000e+00,0.000000e+00,8.800000e+01,2.800000e+01,3.800000e+01,0.000000e+00,0.000000e+00,0.000000e+00
131,1.000200e+00,1.571500e+00,9.999940e-01,9.942000e-01,4.300000e+01,7.000000e+00,9.000000e+01,0.000000e+00,2.000000e+00,0.000000e+00,8.800000e+01,2.600000e+01,3.900000e+01,0.000000e+00,0.000000e+00,0.000000e+00
132,1.000100e+00,1.573400e+00,9.999950e-01,9.952600e-01,4.500000e+01,8.000000e+00,8.900000e+01,0.000000e+00,2.000000e+00,0.000000e+00,8.800000e+01,2.500000e+01,4.100000e+01,0.000000e+00,0.000000e+00,0.000000e+00
133,1.000200e+00,1.575700e+00,9.999950e-01,9.961900e-01,4.900000e+01,7.000000e+00,8.700000e+01,0.000000e+00,2.000000e+00,0.000000e+00,8.800000e+01,2.300000e+01,4.200000e+01,0.000000e+00,0.000000e+00,0.000000e+00
134,1.000200e+00,1.578100e+00,9.999940e-01,9.969800e-01,4.900000e+01,7.000000e+00,8.700000e+01,0.000000e+00,2.000000e+00,0.000000e+00,8.700000e+01,2.200000e+01,4.400000e+01,0.000000e+00,0.000000e+00,0.000000e+00
135,1.000200e+00,1.580500e+00,9.999950e-01,9.976600e-01,4.700000e+01,7.000000e+00,8.800000e+01,0.000000e+00,2.000000e+00,0.000000e+00,8.700000e+01,2.000000e+01,4.600000e+01,0.000000e+00,0.000000e+00,0.000000e+00
136,1.000100e+00,1.583800e+00,9.999950e-01,9.982400e-01,4.600000e+01,8.000000e+00,8.800000e+01,0.000000e+00,2.000000e+00,0.000000e+00,8.600000e+01,1.900000e+01,4.700000e+01,0.000000e+00,0.000000e+00,0.000000e+00
137,1.000200e+00,1.587200e+00,9.999950e-01,9.987300e-01,4.800000e+01,6.000000e+00,8.800000e+01,0.000000e+00,2.000000e+00,0.000000e+00,8.600000e+01,1.700000e+01,4.900000e+01,0.000000e+00,0.000000e+00,0.000000e+00
138,1.000800e+00,1.310000e+00,9.999990e-01,4.492000e-01,3.900000e+01,8.000000e+00,9.200000e+01,1.000000e+00,4.000000e+00,0.000000e+00,6.400000e+01,6.700000e+01,3.800000e+01,0.000000e+00,0.000000e+00,0.000000e+00
139,1.000300e+00,1.646700e+00,1.000015e+00,1.002100e+00,6.900000e+01,6.000000e+00,7.200000e+01,0.000000e+00,2.000000e+00,0.000000e+00,7.300000e+01,4.100000e+01,5.400000e+01,0.000000e+00,0.000000e+00,0.000000e+00
140,9.998700e-01,1.677600e+00,1.000001e+00,1.001000e+00,4.600000e+01,9.000000e+00,8.800000e+01,0.000000e+00,2.000000e+00,0.000000e+00,9.000000e+01,3.900000e+01,1.600000e+01,0.000000e+00,0.000000e+00,0.000000e+00
141,1.000300e+00,1.654100e+00,1.000000e+00,9.573900e-01,4.100000e+01,7.000000e+00,9.100000e+01,0.000000e+00,3.000000e+00,0.000000e+00,9.000000e+01,3.800000e+01,2.200000e+01,0.000000e+00,0.000000e+00,0.000000e+00
142,1.000100e+00,1.649000e+00,1.000000e+00,9.554400e-01,4.400000e+01,9.000000e+00,8.900000e+01,0.000000e+00,2.000000e+00,0.000000e+00,9.000000e+01,3.800000e+01,2.300000e+01,0.000000e+00,0.000000e+00,0.000000e+00
143,1.000100e+00,1.641800e+00,1.000000e+00,9.534600e-01,4.100000e+01,7.000000e+00,9.100000e+01,0.000000e+00,2.000000e+00,0.000000e+00,8.900000e+01,3.800000e+01,2.400000e+01,0.000000e+00,0.000000e+00,0.000000e+00
144,1.000200e+00,1.636100e+00,1.000000e+00,9.515100e-01,4.000000e+01,9.000000e+00,9.100000e+01,0.000000e+00,2.000000e+00,0.000000e+00,8.900000e+01,3.800000e+01,2.500000e+01,0.000000e+00,0.000000e+00,0.000000e+00
145,9.999200e-01,1.005200e+00,9.999790e-01,1.001700e+00,3.400000e+01,5.000000e+00,9.400000e+01,0.000000e+00,0.000000e+00,0.000000e+00,6.800000e+01,7.000000e+00,7.300000e+01,0.000000e+00,0.000000e+00,0.000000e+00
146,1.000100e+00,9.622800e-01,1.000345e+00,1.000200e+00,8.500000e+01,1.000000e+00,5.200000e+01,0.000000e+00,0.000000e+00,0.000000e+00,8.500000e+01,0.000000e+00,5.300000e+01,0.000000e+00,0.000000e+00,0.000000e+00
147,9.998300e-01,8.583600e-01,1.000011e+00,1.000900e+00,5.400000e+01,7.000000e+00,8.400000e+01,0.000000e+00,0.000000e+00,0.000000e+00,6.400000e+01,1.000000e+01,7.600000e+01,0.000000e+00,0.000000e+00,0.000000e+00
148,1.000100e+00,9.791000e-01,9.998990e-01,1.000200e+00,4.700000e+01,7.000000e+00,8.800000e+01,0.000000e+00,0.000000e+00,0.000000e+00,1.600000e+01,4.000000e+00,9.900000e+01,0.000000e+00,0.000000e+00,0.000000e+00
149,1.000300e+00,1.909000e+00,1.000000e+00,1.217600e+00,4.100000e+01,7.000000e+00,9.100000e+01,0.000000e+00,3.000000e+00,0.000000e+00,3.200000e+01,2.200000e+01,9.200000e+01,0.000000e+00,0.000000e+00,0.000000e+00
150,9.997100e-01,1.506700e+00,9.999920e-01,9.879300e-01,3.700000e+01,7.000000e+00,9.200000e+01,0.000000e+00,3.000000e+00,0.000000e+00,2.300000e+01,1.500000e+01,9.600000e+01,0.000000e+00,0.000000e+00,0.000000e+00
151,9.996900e-01,1.480000e+00,9.999910e-01,9.897100e-01,3.400000e+01,6.000000e+00,9.400000e+01,0.000000e+00,2.000000e+00,0.000000e+00,2.200000e+01,1.400000e+01,9.700000e+01,0.000000e+00,0.000000e+00,0.000000e+00
152,9.996700e-01,1.452800e+00,9.999900e-01,9.912600e-01,3.800000e+01,6.000000e+00,9.200000e+01,0.000000e+00,2.000000e+00,0.000000e+00,2.200000e+01,1.300000e+01,9.700000e+01,0.000000e+00,0.000000e+00,0.000000e+00
153,9.995800e-01,1.425400e+00,9.999890e-01,9.925800e-01,3.200000e+01,6.000000e+00,9.400000e+01,0.000000e+00,3.000000e+00,0.000000e+00,2.100000e+01,1.100000e+01,9.700000e+01,0.000000e+00,0.000000e+00,0.000000e+00
154,9.995800e-01,1.398100e+00,9.999870e-01,9.937200e-01,3.300000e+01,6.000000e+00,9.400000e+01,0.000000e+00,2.000000e+00,0.000000e+00,2.200000e+01,1.100000e+01,9.700000e+01,0.000000e+00,0.000000e+00,0.000000e+00
155,9.996400e-01,1.371300e+00,9.999860e-01,9.947000e-01,3.000000e+01,6.000000e+00,9.500000e+01,0.000000e+00,2.000000e+00,0.000000e+00,2.200000e+01,1.000000e+01,9.700000e+01,0.000000e+00,0.000000e+00,0.000000e+00
156,9.995200e-01,1.345200e+00,9.999840e-01,9.955400e-01,3.100000e+01,5.000000e+00,9.500000e+01,0.000000e+00,2.000000e+00,0.000000e+00,2.300000e+01,9.000000e+00,9.700000e+01,0.000000e+00,0.000000e+00,0.000000e+00
157,9.994900e-01,1.319900e+00,9.999810e-01,9.962500e-01,3.100000e+01,5.000000e+00,9.500000e+01,0.000000e+00,2.000000e+00,0.000000e+00,2.400000e+01,8.000000e+00,9.700000e+01,0.000000e+00,0.000000e+00,0.000000e+00
158,9.996600e-01,1.295700e+00,9.999810e-01,9.968700e-01,3.200000e+01,5.000000e+00,9.500000e+01,0.000000e+00,2.000000e+00,0.000000e+00,2.600000e+01,7.000000e+00,9.600000e+01,0.000000e+00,0.000000e+00,0.000000e+00
159,9.995300e-01,1.272600e+00,9.999770e-01,9.973900e-01,3.200000e+01,5.000000e+00,9.500000e+01,0.000000e+00,2.000000e+00,0.000000e+00,2.700000e+01,7.000000e+00,9.600000e+01,0.000000e+00,0.000000e+00,0.000000e+00
160,9.995700e-01,1.250700e+00,9.999750e-01,9.978400e-01,3.200000e+01,5.000000e+00,9.400000e+01,0.000000e+00,2.000000e+00,0.000000e+00,2.900000e+01,6.000000e+00,9.500000e+01,0.000000e+00,0.000000e+00,0.000000e+00
161,9.996500e-01,1.230000e+00,9.999760e-01,9.982200e-01,3.200000e+01,4.000000e+00,9.500000e+01,0.000000e+00,1.000000e+00,0.000000e+00,3.100000e+01,6.000000e+00,9.500000e+01,0.000000e+00,0.000000e+00,0.000000e+00
162,9.996600e-01,1.210700e+00,9.999760e-01,9.985500e-01,3.200000e+01,4.000000e+00,9.500000e+01,0.000000e+00,1.000000e+00,0.000000e+00,3.400000e+01,5.000000e+00,9.400000e+01,0.000000e+00,0.000000e+00,0.000000e+00
163,9.997000e-01,1.192600e+00,9.999780e-01,9.988300e-01,3.500000e+01,4.000000e+00,9.400000e+01,0.000000e+00,1.000000e+00,0.000000e+00,3.600000e+01,5.000000e+00,9.300000e+01,0.000000e+00,0.000000e+00,0.000000e+00
164,9.997400e-01,1.175900e+00,9.999820e-01,9.990700e-01,3.800000e+01,4.000000e+00,9.300000e+01,0.000000e+00,1.000000e+00,0.000000e+00,3.900000e+01,5.000000e+00,9.200000e+01,0.000000e+00,0.000000e+00,0.000000e+00
165,9.997700e-01,1.160600e+00,9.999870e-01,9.992700e-01,4.300000e+01,4.000000e+00,9.000000e+01,0.000000e+00,1.000000e+00,0.000000e+00,4.200000e+01,4.000000e+00,9.100000e+01,0.000000e+00,0.000000e+00,0.000000e+00
